Machine_age,Operator_shift,Previous_downtime,Number_of_breakdowns,Task_complexity,Material_quality,Part_rejection_rate,Equipment_usage_rate,Safety_incidents,Line_speed,Downtime_minutes
7,1,39.709007319343094,1,0,0.8588600845067372,0.02146672645258861,0.7069630290262945,1,11.59340005659135,70.84892728265108
15,2,23.82553387540902,1,1,0.7806584634937019,0.06753365948632266,0.6350292330507779,0,87.55964558104192,87.33884681883191
11,1,10.878968389151396,5,1,0.7063110707381406,0.01676286578598279,0.6034185553083042,0,25.68508106512246,107.86628804524842
8,1,33.96838665848805,3,0,0.9168517611700637,0.022078218369371523,0.8270115388293802,1,65.96937675013541,78.83353661285658
7,0,45.14517562589582,3,0,0.7097459790070495,0.06802810539310836,0.7081085155161573,0,12.247381039071808,92.00292331353486
19,2,37.73083189177527,1,2,0.8785830523312164,0.04056945584332985,0.589829644514956,2,45.955582773450786,152.87553742496368
11,2,23.966764347782878,2,2,0.8617581382381942,0.07371530440310702,0.8445545407434121,0,98.73642719038148,67.30819034773258
11,1,14.131882844049109,7,1,0.9906444071733413,0.06016822702031279,0.7825361415183468,1,19.06242409934228,134.9140936838221
4,2,28.657318966424896,2,2,0.8452639418042924,0.03304190557553618,0.9293360274647481,0,48.13238367996781,39.11711057991862
8,0,28.4077612190329,2,2,0.7190804309133392,0.06857451554403954,0.5587379494382465,0,37.643495517095694,75.70017999633988
3,0,20.30800389686234,3,1,0.8655063903419384,0.02046463122635926,0.892833300972228,1,91.45793110494378,36.6681100756528
2,0,35.51037302242538,0,1,0.9523288511848305,0.058276934477202745,0.8367583934086296,1,88.24060971166196,9.059496681822885
12,2,48.46626500830473,2,1,0.999054785284432,0.04934332945405313,0.5575054684140489,1,31.392888427560596,115.23612974939073
6,2,32.22282717458284,2,1,0.8291029521067217,0.03410862245356967,0.8474103649358604,1,17.306900834538805,83.99690315808657
2,2,31.604762069988457,2,0,0.7960896227490227,0.06436044979655502,0.7207736444399152,1,66.44245546550057,41.22564435163722
1,2,20.627719511661773,1,1,0.9719959890855997,0.08842002331062543,0.9724923927779215,4,40.27318406953388,86.85101796899791
12,2,43.97414703060372,2,1,0.7573726387228363,0.09990142297867691,0.5708056753089497,0,70.48759515454567,123.99001179302596
12,0,29.248558331899833,1,1,0.8846286745098779,0.06469864918690821,0.821416695407869,1,12.890778046103303,121.31815383778843
17,1,24.210367448058292,2,2,0.8217143272542843,0.04642352868962532,0.6909900227314729,1,22.005931165974047,153.99140887296804
10,0,30.63688393651616,2,1,0.7123247094866666,0.03026863901945815,0.9784073352954389,4,71.7735009495379,136.9430526136996
16,2,34.71961333246609,5,0,0.8041865422917093,0.03313864804556006,0.6649874476451383,0,29.1133589772248,135.09470082845894
15,0,31.392154086449032,2,0,0.7795685567508024,0.05315094803347892,0.9810929547459001,0,87.18289081861614,67.18619381962569
15,2,42.061533956705915,2,1,0.9058273461830461,0.04305499311526384,0.9507429255503745,0,15.27317989391219,121.04432940686291
19,2,33.83971552546862,1,0,0.9846371493075754,0.09224330703624499,0.6351916176553282,3,29.393378450701714,185.5575958907425
12,0,27.16058189117465,1,2,0.7804141562135913,0.04314659208901386,0.9017708884132138,0,99.87042236365617,50.55653884312339
3,2,34.0119221632689,0,1,0.9434397817455045,0.0436100132030892,0.997802100901753,0,48.97684923281134,16.043175104738364
5,1,34.996371011259576,0,0,0.7166079450815228,0.04451810611905793,0.6263315010856412,0,73.26690971901792,14.63579427816683
19,2,17.03624080736158,2,0,0.861436303011944,0.08529581893308923,0.7183885846616598,0,26.43967439713123,124.60064653384963
7,1,41.494197282637145,4,1,0.7211650191129684,0.06857094887622117,0.7600903682833798,1,64.8881861486984,108.80700982795807
9,1,26.990959806386407,2,0,0.9802098973391917,0.06527519652870034,0.6474655679019321,0,75.34954615324766,53.05807087777742
7,2,27.2467677649457,5,1,0.929905384167217,0.0400728720145476,0.5076324198230149,0,38.30289722798595,85.8416860373778
18,0,37.51375987075946,1,0,0.8973849733613777,0.08361137591491956,0.6100646220987633,1,84.600740077829,113.22229447537663
4,1,37.471652242595816,1,2,0.9471689144873993,0.013452747522013102,0.6409684421708792,1,64.3075820625055,42.30651417734399
14,0,22.991683211339144,2,0,0.8942559386710489,0.08837174551043019,0.7217998506590936,1,45.02107086535272,104.88367690328232
18,1,38.02901618145686,0,0,0.9906833191522874,0.05614749098145367,0.5855512392067009,2,60.18781540088427,126.2972876766555
9,2,24.39551848510476,0,1,0.9141873843594315,0.04584252113770716,0.9366271783458363,1,61.908476269233184,53.52173658114331
2,2,48.195730466986554,4,0,0.977397582874674,0.05474505526459172,0.8524555663656681,1,24.89817634244794,89.63468589290412
15,1,21.718060187342363,3,1,0.8551395676031914,0.0700673977480448,0.542600238779831,1,46.245913288026955,131.41966211057553
7,2,32.394774617058964,1,2,0.7351193238945588,0.011148888386610763,0.8250462255699658,0,40.908752921754385,56.01187247071047
12,1,22.179823630923927,2,1,0.8584533164269051,0.0884396670812423,0.8268282382028103,1,46.081245032121345,102.98880914597062
8,2,52.226956291350746,0,1,0.738061848418928,0.05020655727802536,0.9781105868218138,0,78.49995296367321,64.19396951347395
15,0,17.62179055912884,0,0,0.8777480437529215,0.04086698677300704,0.5015104356780806,2,53.428456672000536,107.55464849063019
3,2,35.243627472529106,1,2,0.8447479181582989,0.02244210090706514,0.6239662249029037,1,94.62845379153379,39.519911747354136
14,0,22.650895855222004,2,1,0.8867726193498345,0.049551883692259796,0.9638957396876577,1,36.43087720225925,116.51776598190465
17,2,26.458923585520132,2,0,0.7030140943164495,0.054669049415594105,0.9660669576991415,0,47.41332204564361,118.37055734070452
4,0,34.53537833745176,1,0,0.7584521474966092,0.04632820250441301,0.8602932096853186,3,80.82611294311373,52.462286686167026
18,2,42.24584437626143,0,1,0.8473991295736393,0.07107940844442075,0.8828816605237699,2,59.142213398867526,142.71248856997596
8,0,46.23396562299045,3,0,0.9851510684767404,0.04788068758833035,0.5457414789648236,2,59.2325331782003,101.31228900577804
4,1,14.630520399736795,3,1,0.8150827121065475,0.0965275820061916,0.7569379173891169,1,14.800614670466516,91.57931988650402
2,1,32.67751224364462,3,1,0.8273116078160904,0.06393497660412327,0.6157914956444996,1,45.873969644661024,70.53720062700273
6,0,44.59493603383521,5,1,0.9144088267019866,0.0826730142086718,0.5906090218068086,1,34.36603591795593,127.26122612441044
10,2,13.146890612380595,2,2,0.8811378271858354,0.019842031279853095,0.9051516495616663,1,99.94016105480038,56.01962292225951
4,0,33.14383494054847,2,1,0.7896778450294999,0.04575621636513152,0.5675190683402738,1,37.751956356907925,68.12301786686125
18,2,29.97916202579816,3,0,0.8232449186702283,0.04031629313024375,0.7343258184981927,0,89.60468813144772,90.37566669497446
12,1,34.14541814379788,2,2,0.7653099396571696,0.06125341493229327,0.9692891197930165,0,70.86103615364297,90.38554080984707
2,2,22.276959746735248,2,0,0.9898064377390625,0.0875002168055283,0.5929160277826713,1,40.68247682728814,64.83590769409633
10,1,15.6438117178656,2,2,0.7391903144672078,0.017050439598580602,0.9889967118691173,0,58.918094053671126,69.78234106906439
4,2,10.86893574820975,6,2,0.8115510353699258,0.01653173182402397,0.9971439928805295,0,85.64822919542743,60.714301227473825
14,2,39.76383953462103,4,2,0.7077516916660033,0.08652859373418391,0.7778085773412015,0,89.50314682278207,145.3938845110956
16,2,41.04049136483354,1,2,0.7665338475800639,0.029156507743452173,0.585071370088579,2,24.43544875055307,142.1875144913773
15,0,33.02685348995986,6,0,0.9341413415140465,0.07018779290048324,0.6580524439704478,3,40.561582708735266,175.66528718471736
8,0,24.65851650311903,1,1,0.7603525696866638,0.05885903191247247,0.7122464163382676,1,40.170086219221446,91.03161052511459
14,1,13.769541065342544,3,0,0.7240190207586896,0.08496042353985066,0.6546621121791114,1,13.784031646835022,130.3322275795751
8,1,35.63345462505024,1,1,0.842335953953357,0.02125800188527632,0.6403177899382579,2,63.84139838667069,76.68765776130111
16,0,18.99220717163315,3,0,0.7029907704203555,0.021680466915035015,0.9861148546081788,2,86.93380476929691,97.90001691316694
13,1,22.887013752394623,4,2,0.7254298463278999,0.06011365242504769,0.5766824137078728,0,44.3416949042966,124.74331908183203
18,0,24.134359204372814,3,2,0.9422877608688925,0.09517407880225338,0.8666639543584311,2,76.60323504857593,157.57284071242518
15,2,28.024647743030318,3,1,0.9314420034578819,0.04734979825336789,0.5002051447195874,1,66.4930372240666,106.07101671331465
13,1,22.409595527913517,2,1,0.9745416461214689,0.03942478902292255,0.7980913347011884,0,43.80838619437007,84.39958302940613
9,1,30.334587709923024,4,0,0.9563546307732249,0.06460203908780973,0.9579715019770262,0,22.695381954306736,99.02190808836806
15,0,23.781816994936086,4,1,0.9049526689719454,0.0937403740490528,0.6439670470466095,0,73.83914674983706,112.46640949196258
13,1,37.013730648392226,1,0,0.7156998571901988,0.08532350495601614,0.5927629876288596,1,86.91086520471164,75.45585724258163
1,1,40.31062913988053,2,1,0.9348545853959973,0.09959352496598979,0.8258398974392135,2,71.72690431613427,81.73285816376058
7,2,31.085426760284385,2,1,0.953653243252168,0.012031172488213938,0.8563007036491965,0,11.609063563133626,86.40562270442973
9,1,34.62626335381103,2,1,0.9397246437315863,0.020157233024148603,0.8440152594759907,0,29.460960495189212,76.32785065413198
1,2,51.1785594962589,2,2,0.8525437105924079,0.06485209870299599,0.6596584400106871,1,16.253198639517873,91.84887420970102
12,0,18.27396743138684,2,2,0.7698705515948445,0.08385187954004648,0.6261012010796654,0,61.334748961860406,82.96935244615284
8,1,17.665318987198944,4,0,0.953598992706618,0.035671990807608994,0.9779593999810221,2,78.08299109563711,76.19376761911317
11,2,36.949979007768746,1,1,0.9181488429220415,0.03152899792307969,0.9616497541349647,1,19.95212683617935,103.78564636502978
19,0,49.46542837514765,1,0,0.9942283523166555,0.08082782194430808,0.7286583049464102,2,85.45040385340467,131.25470087876948
17,1,27.39501438061277,1,1,0.7467077793267798,0.015074366846790843,0.9230969330771868,1,59.995808055593486,123.51228443120482
8,0,47.268338422187604,2,2,0.7676993749156165,0.043244438282432664,0.726161738817148,0,72.09721109275523,84.33644234338821
3,1,30.9643371879349,1,2,0.7635394449644508,0.055522830033309684,0.7121945090362551,1,97.42616637477816,43.936266815988034
3,0,23.191127179609182,1,1,0.937761930286401,0.06043138069152912,0.5783814737996473,0,17.531288942292758,43.44460272555985
1,0,20.093076113622967,3,1,0.7560721889350355,0.07557536411134992,0.7132030282459865,0,91.11016206800103,7.045363037122687
5,2,36.294135848867874,2,2,0.7199979489469918,0.04193611510875925,0.7687084692999036,1,21.349242638866837,98.08270811109834
10,0,20.850409322173036,1,2,0.9995682419756886,0.06514159102071465,0.5112521637143432,1,45.3662925973014,89.82903642956542
7,1,30.812768427670278,1,0,0.7074451634335447,0.06268378805118607,0.7220565025877033,0,86.6294826698003,20.91713347583115
9,1,45.834650253840934,3,2,0.9505732180476597,0.059285449058837245,0.8906781091976002,3,91.56288130640814,134.22286194299636
7,2,26.932196071286295,0,1,0.8096100524651958,0.06764349638279911,0.8400230281871349,0,55.57345061906308,69.04180625287813
9,1,43.14009474643899,2,0,0.9524846379273446,0.03335042539612687,0.8175784944319675,2,63.46941744478826,105.55655381078859
8,1,17.854565102735933,3,1,0.8663861473633434,0.01761838782261661,0.9547777142186012,1,73.73326011387014,80.39148971187883
12,1,24.660908986832002,0,0,0.970489368845908,0.02073445048357691,0.509016004912615,5,84.94828016074428,106.24720537261321
2,0,15.928559737850836,3,1,0.977857895924388,0.0302124144388511,0.7785237930961171,1,20.936005258389955,66.66767996278699
1,0,30.729967559733577,2,2,0.7027294543842327,0.05501781419705068,0.8936744242048535,1,82.90623774063049,34.05069217929558
16,1,37.800781797165826,3,1,0.7226236527978365,0.08563984754914182,0.7706676913506336,1,53.31485354604551,155.3826747727989
5,2,30.75187087606186,2,0,0.7751076188712566,0.07311640078795457,0.6619477762901895,2,50.55610825973521,91.2840339020768
3,0,42.27050059970152,2,1,0.9007946249090505,0.08101365437818425,0.5681252825459889,1,48.15097767972984,72.37186401809669
12,2,22.508207593708697,3,0,0.9664816589534517,0.04158780615334823,0.9437815359080957,1,55.829042672143835,110.7902992749454
8,1,32.25342753689067,2,1,0.8379825853881888,0.046418836748369524,0.7353811961938015,1,95.05454980551431,56.29478395974203
3,1,24.725306763861436,3,2,0.8820919348822795,0.04543136973915516,0.9390575984928506,0,59.33833955129364,49.19739650883396
1,0,33.61676585423655,2,2,0.7565499558386684,0.027268586596405138,0.7929260612165842,1,95.78597844368252,30.62117056737128
3,1,35.037360462124255,0,1,0.9414900501645056,0.015509499232921484,0.8370960583075004,1,26.226111755407654,35.58959009085576
5,0,35.82395959984063,1,1,0.990198433406041,0.06318244835445042,0.902130577189225,1,75.17223809493699,50.39193369068955
15,1,19.29405661764398,3,1,0.7805796798743792,0.09902950150785275,0.8295777723000672,0,83.10155847478725,82.52609080966661
14,1,21.102538982134313,2,0,0.8484477854801639,0.025014673445523657,0.6990274203394689,0,71.12159482013757,78.41697746213796
3,0,22.95712291808811,3,1,0.7258348331519121,0.014201633790934639,0.7568166919643255,1,64.62300522038863,47.89873302079911
1,0,27.611192521334026,1,1,0.8677409969388905,0.08015785136415397,0.9015227623379399,2,60.833150297756404,44.35238226190789
5,0,30.871864042064303,2,0,0.8508350325540042,0.03273274060162518,0.6868251481864921,0,87.48374343208263,12.636332049395802
14,1,37.08089121856676,0,2,0.7433309452465232,0.08466794248176356,0.6940607283842486,0,83.94819374480501,79.96428122475527
7,1,21.519013006607683,1,1,0.8326198639354225,0.07335430003310639,0.5478450580290006,0,21.005984906253957,70.99603825202814
9,2,13.989807022982475,1,1,0.8002313956259689,0.09511061833457242,0.9572922176108738,0,86.37288913277904,52.158624334654164
15,0,51.5574316320679,0,2,0.8565492625915567,0.046803451218100485,0.5455181574727208,0,47.26617574963982,96.15132820962053
15,1,18.6854697934757,4,2,0.8756963006286398,0.06957728555055707,0.8241045887242779,1,32.83271469962297,140.0659895660256
10,1,38.363237229955516,6,0,0.7025486735821628,0.051836930273194366,0.7065972394013988,1,88.27917112125333,123.08918178474102
13,0,30.312668772486745,4,1,0.9283017948848666,0.06675298275776892,0.7028096951277212,2,48.882231967036745,134.992583203199
19,2,32.513056408063804,3,1,0.9139042875585223,0.05046390154069637,0.839775918286342,0,82.7528221159135,121.7660337125489
7,0,29.98449494164097,1,0,0.8098859158619567,0.026976902178166735,0.5335468663149394,0,33.706325076026005,46.83801688945627
17,2,26.151581180528744,4,2,0.7158807806706454,0.05571076744030429,0.7968528914757174,0,10.353638927999603,167.0644278041443
4,1,34.63972282923459,2,0,0.9264797619355151,0.05757257812936982,0.8860158929861774,0,54.591327361264995,52.07186641562698
5,2,25.614127937427043,3,2,0.9865525481434397,0.0829543463434145,0.914106378943297,1,19.020543097859584,92.52407076969911
7,1,41.663027472367894,2,0,0.7720454788066042,0.07619686352142231,0.5852651946968876,0,77.89383599724187,37.75249541239599
13,0,35.68441006256155,0,2,0.7970573841211114,0.06974124615472997,0.9487095250390869,2,34.84676224624693,120.04645186347872
15,0,35.995941132814934,2,0,0.7551438668445445,0.02020483859973153,0.8280730459237211,1,49.92810819431308,127.41065763786247
11,0,24.928769399434096,2,2,0.8730808370034518,0.07485546615973436,0.9409274004103414,0,17.833020858239884,125.28514178646168
4,2,27.636452629110043,3,2,0.7464524183942365,0.05502746407190634,0.7426403585550991,1,35.799332360252734,109.5388345937579
13,1,18.12087191357935,1,2,0.8068581830384138,0.09046895824955434,0.771016672548601,1,80.33412189327147,87.52458427615225
7,0,26.46983943274438,0,2,0.9091039041802789,0.09278838407174886,0.9595191385143356,1,23.64291207120875,63.585016529601745
19,0,19.634240836437026,1,2,0.8680347949028044,0.014964093154160692,0.9499547716773359,1,68.24436050142617,85.38658230811285
2,1,43.13068515588715,3,1,0.8159387692983806,0.0838577404319031,0.7240804366845011,0,92.5683267524051,38.325419326902065
10,0,30.505358155940062,1,2,0.8260748805422625,0.013392765138040356,0.6372063158178409,2,71.18530837819483,82.08560197746658
13,1,31.704972350404308,1,1,0.8686332647869688,0.043045266312552045,0.6965852172821321,0,82.99195203630042,78.68332557776093
6,1,27.748534726499788,2,2,0.7017594183661483,0.05880699780589713,0.6938821642648749,0,19.80744663735242,91.25042756592354
12,1,31.975789220514077,5,1,0.7235529605360829,0.02332907187644147,0.643433437491397,1,32.5658643401849,141.91397266073284
12,1,54.64877635857683,4,1,0.9643774203289035,0.07716824313121691,0.6342898021664833,2,90.5084967016532,130.7867436636206
11,1,26.998597156075085,2,0,0.7233636967273872,0.010751923375492472,0.9305314682398598,1,74.35950522562803,62.93869201606678
7,2,23.495869652900062,2,2,0.9120410788631516,0.02517391435906332,0.5349309603423309,1,67.55984437395801,68.63145938334368
1,0,35.29693132905442,5,0,0.9760114492327158,0.06227171468681282,0.8388055910497971,2,69.739006250953,84.98311040727093
1,2,4.74281366397512,1,0,0.7812050812905194,0.07429488058335632,0.5864100257282261,1,47.27804988741791,24.00019330661367
13,0,30.639567869109328,2,2,0.8111474311178543,0.09249787924245245,0.6722529466970316,2,14.01009684558879,143.81527707613617
9,2,26.28287096707099,1,0,0.8706764217534149,0.07349469867411615,0.5307715170674184,0,80.5997387863656,49.76468710468913
3,1,20.07686733963906,3,2,0.9645126908915754,0.07046013432293793,0.634986818427731,0,71.08419125938184,46.66017550721236
7,0,35.077576703115,0,0,0.982571676178126,0.045490703171559795,0.8842105355586211,1,52.552401770145224,37.59958781073602
6,0,30.53988418445793,0,2,0.9218689744333803,0.010115598297412128,0.9425076622736293,1,90.97836538314317,21.225316421996073
8,2,11.975910925057828,2,2,0.7259859282564082,0.020814333286205976,0.6107635759511836,1,40.2543698486589,85.86776026105497
9,2,23.534704788075622,1,2,0.9007462466604552,0.05810990902804353,0.7317739196294609,0,36.48895698081123,72.69945821803125
5,0,1.1172879480727538,1,1,0.8230911165617986,0.07076168972599778,0.7351620239686032,1,88.55166925714985,33.081280551960255
1,2,32.93269314133503,2,0,0.8412102998473184,0.04757034555068163,0.9367876528798671,0,81.72888892830869,21.677167145788342
19,2,32.83299418440157,1,1,0.714744517103553,0.07576111103755512,0.8813995264379026,0,56.348182958351025,119.13452006339625
10,2,22.067181061663266,2,0,0.7573186418039074,0.05696760657989609,0.7565386091840249,0,21.766126551206497,84.96808292319132
12,1,35.40112711683127,2,0,0.9371540822600943,0.016675857603488102,0.8353736002358867,2,29.35643243185472,118.55159808129766
15,1,17.175013788784774,3,0,0.8361876499143579,0.027281462587115397,0.9236775269546834,2,69.0605191367926,106.04780806498783
9,2,20.334829740650072,3,1,0.7904986724893446,0.08559984009195487,0.5047694770127724,2,44.65371140563705,108.16327649263152
17,2,34.17190464382564,1,0,0.8152057221894874,0.07524214719619955,0.7014450155250243,0,85.28258724993741,97.06600414783716
17,1,23.113332450370567,1,1,0.956319853997704,0.09052857883112456,0.9536215836385393,0,95.49595083989837,90.80371486614735
12,1,29.373430437975554,1,2,0.924699705221487,0.02058015242088429,0.8701565154219757,0,82.50732327474265,67.86618591166163
7,0,24.363509725736574,2,0,0.7816946191543248,0.09912002811535665,0.7714206871670373,1,43.979088069600145,93.01592342634832
2,0,25.89068843700816,2,0,0.7352505520637119,0.028846604255494027,0.7648222635175668,2,80.98177863082816,31.986816992041533
3,1,26.32775784045007,1,2,0.7755994664932215,0.011060188865797781,0.6738850488022189,1,41.629750612361505,66.0811674606035
17,2,22.932432427818224,1,2,0.9762269353164201,0.09976806451481988,0.7602602668207572,0,25.03900789890705,118.32838713846117
5,2,33.02449714360124,3,0,0.8744766513549266,0.03529664969006018,0.8276915997317267,1,13.005388437927166,81.98137757099981
17,2,23.720715132460505,1,2,0.8600440626234348,0.0701217507261304,0.7091815192143965,0,44.714504148491805,96.51665225670253
17,2,30.15686713795602,5,1,0.8789180799077384,0.02590140827586747,0.857076573196087,2,91.32033733275537,146.46590454830638
17,0,22.712683186255965,2,1,0.8098084797239545,0.06222056789792276,0.9306161136301929,2,31.508792898010885,143.07139962585177
2,1,14.657013736155415,3,0,0.9421321060958538,0.09136314878091034,0.5773424240924305,0,28.58618484368056,49.740618396634986
2,2,39.12435249259166,0,1,0.8569858747900749,0.03881630506855948,0.7257735114087123,1,97.28387067169363,19.52618768361112
5,0,34.99526985095408,3,1,0.7350243708306387,0.07032285784399234,0.7040100456425405,0,12.250370156553291,76.93746160962127
1,2,52.88682068797672,0,0,0.7387195374487189,0.026911322991857486,0.843732402024864,2,80.72039353543789,36.379730464000296
1,1,19.56027160001742,4,2,0.8610577439507855,0.06623158588468528,0.6249337326289647,0,38.923296016678336,55.49658121975098
19,0,27.910395126679695,1,0,0.9809710654212518,0.04028053166357592,0.8201254574761381,0,13.37391611826934,97.87922425668943
2,1,28.714925191441942,2,1,0.7925056365028595,0.029008743272915652,0.938744620865744,1,92.60222861886253,19.32295146504048
12,1,39.89369438282131,3,0,0.9608623506577655,0.038186384563327166,0.7090657998968113,2,22.567809718862527,130.0154706393695
6,0,24.928921058673915,1,0,0.9292286759736638,0.026095696165701947,0.95550784998961,3,59.660135535312584,83.7279477910763
4,0,18.289581458241457,0,1,0.774343732872072,0.09117244970540946,0.9965818694667392,3,34.6648786686593,81.9340032312114
11,0,42.07809308461002,2,1,0.7109022244948727,0.0457468197685416,0.553046024973976,1,15.867352196622193,128.7061735724546
17,0,26.83349970738772,2,0,0.7305541795427147,0.03207513744769307,0.6165265939924294,0,14.493023709704119,100.97008959018976
6,0,38.78643509726043,2,1,0.9185481801542321,0.05035670569143397,0.9751898757410467,1,20.400102895270493,104.27313800144354
5,0,37.621984007922116,0,1,0.759900921412194,0.038848255012584605,0.9791638432406934,1,16.423031250044204,82.30203553175511
2,0,29.701095260977002,3,1,0.8113812761516181,0.07699773284319934,0.5488536376933792,2,78.45023039679306,45.11506148609336
6,2,28.256862949652522,5,1,0.8505097498019274,0.0974097920696945,0.5074992501885683,0,53.70095820550863,88.2336014372181
11,1,26.084351936701957,1,1,0.9176404505350488,0.04942302910278822,0.5805500116282112,1,40.86028822140817,91.57119007169493
16,0,29.848068712300105,2,1,0.7339693669777376,0.08749300599750164,0.9980063916911242,3,47.65320191188064,169.29900354275614
16,2,38.631002261706314,2,2,0.8219099215832384,0.060927676620365766,0.5899998083053435,0,93.60520620153609,97.78458676257591
1,2,22.035598189404205,6,0,0.8455218727428087,0.024151209858481015,0.7512738033610116,1,91.96766314643325,48.51964729149833
9,2,31.088456302091203,1,1,0.8622481191914619,0.07215604678732075,0.9242088632152555,0,74.41088321103192,54.27143070506255
6,1,18.813685718011925,2,0,0.945508192418565,0.05620910474132382,0.5102008053441032,1,89.6214139679519,35.75768560254109
16,0,20.05893766957807,1,2,0.7515034585129651,0.06855458709268931,0.8022444911292297,0,38.768322482886234,117.73357838615087
3,2,29.69061002844376,1,1,0.9423494355479867,0.09007186713144985,0.6385127244348121,1,44.29983934074546,51.16763329177897
4,1,10.39841991706168,2,0,0.9078635283089956,0.049639111359044155,0.9311674582198658,2,65.23409636688052,57.92978409928108
19,1,50.60558616616052,0,1,0.8667612442596878,0.09110598608956201,0.6417305746320396,2,66.12633525675378,140.6243975108576
3,1,18.06940045089764,4,1,0.9098583611207716,0.07756021128534894,0.8433778601409545,0,53.35298542111069,48.36465344097592
19,2,29.599114873434466,2,1,0.8236053216854969,0.053974443329018636,0.8371098162236985,2,46.059206359415796,167.8552956643552
7,0,41.68217721816865,3,1,0.7415192757904373,0.06428999220921673,0.6107467744298201,3,98.75622804478256,113.10057865369298
9,2,21.370946612495015,1,1,0.8997295720796101,0.03930230192671103,0.5173995999341751,0,83.90112635059519,45.66535922554837
1,2,6.973030104552834,1,1,0.8574016920056866,0.09852375697648968,0.7046247868926987,1,49.14821780992407,19.040056946824613
8,0,25.550542398753286,3,1,0.8918124401628327,0.07006160467453565,0.6445965759829348,3,75.45632295156116,101.38560740201548
7,0,21.25179619923881,2,2,0.801399634308547,0.013946216724696692,0.9044888748068542,1,34.26055239272135,86.09820834028682
18,0,7.236264914079978,2,2,0.9720599732019508,0.03939597151732079,0.9001820942276726,0,19.01523936135969,116.33626224946961
8,1,32.84889892572199,0,1,0.8762109605726731,0.06609829903831518,0.7285119760963128,2,41.71879229974665,76.2063309337097
1,0,32.070938622329514,1,1,0.7256207452872621,0.015069995001931583,0.8032561126616095,0,46.26755201110548,24.033787279499236
11,2,41.42326454538352,2,2,0.8349411972113285,0.01214957721872285,0.8021297579934625,2,11.488341210460373,137.39449800462762
18,0,18.791776344796126,0,2,0.9269068164230903,0.05050218155750224,0.9135790742138117,2,83.33128014723064,124.18396206289285
10,2,14.008635135529872,4,2,0.9382403685196817,0.0399421161723403,0.7125012070615988,1,42.327406215026336,125.41524514566053
3,1,25.93276916953416,5,1,0.8483791158291276,0.04944687472298494,0.6377233398952545,0,62.23763492021323,68.69195148625286
7,2,29.11657340990905,0,0,0.9684242712493903,0.03364239788920047,0.6325174590702738,1,16.656686854386038,76.99511617384643
16,2,39.21349602986496,0,0,0.7803005311582892,0.024824597224868284,0.7680961396411021,0,25.74971458755256,100.64753097028618
16,0,44.10568005005159,6,0,0.8231796091714799,0.0720229021282304,0.7245741013661062,1,90.0724352794804,156.64028239719656
17,0,42.144791339073464,0,0,0.969579073170691,0.05631140046410205,0.7200603854924681,4,64.78187750945207,158.7332789828998
2,2,32.76543666892667,1,1,0.9688770149414736,0.028013879012443017,0.5455686695448536,1,95.5255645153437,19.494338755430572
1,0,37.994992535041476,0,0,0.9057138306474043,0.03876304836339985,0.8593018703450979,1,99.88750309521852,-5.586881212
16,1,23.595065652308158,3,2,0.9576941641366661,0.06326271168969934,0.6068683439909554,0,43.467410379978496,105.44973355722033
12,1,31.683951924752463,2,2,0.7266319800868698,0.016500641344523007,0.5984768151043607,1,36.892275767494716,111.62499158684176
5,0,18.087098607121938,3,0,0.9594984928623329,0.02327077083395616,0.7063791601386967,2,87.25204496431871,55.193105839815445
5,1,30.626853968868733,5,2,0.796185971965068,0.01659210436966511,0.6138891708089007,2,99.87502843337087,98.32611803518871
9,0,30.886466973980124,5,1,0.7534994537284648,0.0831085599442707,0.7919291336540077,0,66.66771108092115,106.30612467942454
9,2,47.2212860568497,2,0,0.7718109509026139,0.07771683098908083,0.6857316696672358,1,81.56266502603701,83.17570591994064
3,2,27.710171385097535,3,0,0.825390552404166,0.07779816386913314,0.724455861296395,0,80.3571272933747,18.06882638802924
19,1,30.90042837653286,6,1,0.7753576013813401,0.07446928091284252,0.7685846608020144,3,41.98057373975922,214.31328629265712
16,0,32.369614157120424,3,2,0.7961702758049497,0.07024468813028824,0.6017677612409025,1,61.684334223137846,133.94974970347377
16,0,25.451796841115467,2,1,0.7404935458214926,0.052929272384035754,0.5778758114327649,1,84.97512471377922,97.14357549594204
3,1,21.975072667883527,3,1,0.7888530296676995,0.06780503471564035,0.9402109514368024,1,71.930248863495,63.10613123360707
1,2,42.98811324847052,1,2,0.8716851443626004,0.013452539930917719,0.7168618514157106,0,11.904743258383444,74.28658298999031
11,1,20.190825570397024,1,1,0.8325561124273192,0.06593179803911062,0.7060468048162696,1,40.303510200778014,89.41980917214543
17,2,16.72081928312727,4,2,0.8040156283707733,0.08000899349831896,0.5178060751364207,0,23.002812693514482,148.77186592151966
8,0,36.8026537929548,0,2,0.9239356386571342,0.05503225243459513,0.7489881512936967,1,30.96749908702352,78.88579828493707
4,2,41.5781484202401,6,1,0.9680529914179954,0.04217619955845133,0.7770848608055001,0,91.49405297421931,77.0501988879339
6,1,25.485903423993612,2,2,0.9270367668707191,0.034968406132088126,0.7794204354773333,1,13.320396001969133,82.13389650754823
8,0,25.639465123501203,3,1,0.7996002106353037,0.06785218451458742,0.8535155846614422,1,29.782064076573135,103.2290830154779
3,1,32.82543526106793,2,2,0.9233326503512661,0.07235210787669179,0.5887409174955058,1,37.86124170144083,79.55154662972899
16,1,22.921473232568168,0,0,0.7455940547422153,0.08838708398762883,0.6261115671153095,1,65.51956647697554,93.44868422291557
3,2,22.182874793880313,1,2,0.7390953964273872,0.04081006742148917,0.9053652326152064,3,58.069152107727895,83.91017053795987
18,1,38.79592587986366,4,2,0.8036881111108476,0.07927950766470271,0.973585308421697,0,29.644253456804748,175.1229118470711
14,2,36.07131100783619,3,1,0.9423107107132171,0.060522024177040425,0.5679663736836603,1,24.7816960500839,124.54915556937559
18,0,43.111588863181055,3,2,0.7739044741726905,0.08945528416102713,0.7488247772526091,3,31.311823113650693,212.605626684446
2,2,17.474109876345043,5,0,0.7189760226696038,0.057503089746605875,0.6070881263697934,3,55.227666403149,92.63310874976446
3,0,24.975375130893834,1,0,0.7395128605619065,0.05658668455581706,0.5300365841774912,0,34.40600071400831,17.58628049101655
16,2,32.81179562269453,4,2,0.9576234905588741,0.06200893732968183,0.6627516690630677,1,95.284225144695,121.11413665452159
9,1,20.743791502256336,1,2,0.8901349854241862,0.0774383819628191,0.5718438125921064,2,51.74786992859628,99.31624152704917
4,2,36.4168743715465,1,0,0.775960349010993,0.09682214309456148,0.8549665367171231,1,15.291641489017335,80.94688341290941
1,2,42.24627087226332,1,1,0.8665887475984544,0.01662070187941891,0.7668627068357222,0,75.633976525297,-0.712392326
4,0,24.166420277726516,0,0,0.8582738867276051,0.014809114215191545,0.5719172354951554,0,39.596075938809065,14.687159397146962
1,1,30.385919402270332,1,0,0.8966307935321983,0.09437953036666047,0.5046207942027572,0,68.81400388524227,-1.514091172
14,2,44.55618690081117,4,2,0.7699562663264848,0.057688806296638556,0.9040785245121064,1,35.16349334709088,167.83268056118047
16,1,47.992715750189994,2,2,0.9593208961583193,0.06534127131102425,0.5880972030821238,1,61.366936755998786,140.6823074425786
8,2,37.458012510604036,1,0,0.7928105686240038,0.053418124143525605,0.803108321110383,1,79.49372543267182,71.32759813420587
7,2,35.93429173193609,1,1,0.908239496192871,0.018429170734672706,0.6684609565383728,0,93.52078675970985,48.67261974574656
3,1,21.462634653150882,1,0,0.7048373939116644,0.07912804405768,0.7927429691575179,0,33.501442998976934,22.843427650589682
17,2,33.592094004578406,2,0,0.8117971389682441,0.07725021805797282,0.657826813491162,1,40.13712558990831,136.7570891882371
1,1,35.56820840774998,2,1,0.8055129453876424,0.03805329893435308,0.543469780346127,2,51.78397782573457,60.647383984777306
16,2,27.89629841438954,0,0,0.8630453285749043,0.03756153207055604,0.6114750042788768,1,93.445735396239,76.0748677698459
12,0,24.05223745444338,2,0,0.7218208785331589,0.08540572428149668,0.5940292832395377,3,91.12481711295914,108.23303066796377
19,1,17.187023265231453,1,2,0.9370394121178325,0.016512153196719396,0.7140096762198219,1,18.089045209057424,128.45335338703603
14,2,12.622702449487079,2,1,0.7653342405302705,0.08929946335209094,0.8291418917130786,0,21.873684317842976,106.93864090807702
6,2,10.521164866788371,2,2,0.9031113444646031,0.033099552090632305,0.6319030374731788,0,54.59582595975744,33.56741819033134
6,0,35.794425728672614,0,2,0.9409636369732279,0.06336862729799446,0.506034967650309,0,19.595734552488114,70.61902159209593
13,1,31.476993252267768,2,1,0.8685630868724539,0.09423947611016,0.7594686821323784,0,41.10227860138277,111.77488005876006
19,2,25.161888684589034,0,1,0.9222649620165957,0.07103102513829819,0.802879744679486,1,23.354684039572987,142.81379465059973
8,0,26.68543702275361,3,0,0.8985580936645017,0.0472986831220333,0.9814352470009049,3,67.24363196186972,98.96262899963676
2,2,32.10470541530485,4,2,0.8066589391456023,0.07205807880148737,0.7947354015466235,0,95.45458885652455,46.02443540679572
1,1,28.354369289914057,4,1,0.9426575617100696,0.040958167268473324,0.7355862796890709,1,99.70603932649433,27.27049755939764
15,2,16.594468199961717,3,2,0.7884104109656583,0.03495325747142675,0.786700812948852,0,43.771701924722336,117.4949492135778
1,2,39.130002202743,3,2,0.8713638753254551,0.09970149501412118,0.9639503149310136,0,63.91113734031511,54.17512486251775
5,2,33.041261706698094,2,1,0.9236193217424619,0.0775711208061809,0.9141890728008231,0,87.06408881716732,63.742945955233836
16,2,32.65898479813848,0,0,0.8136867729437522,0.06802479796436359,0.661489366681904,1,20.571586551674557,106.388107819192
19,0,38.375627033583726,2,2,0.7908302822852274,0.0419760678897387,0.6186271818285687,1,72.06079699467685,138.93432970852533
4,0,21.863546439403255,3,1,0.8378038030518468,0.014424474623954336,0.6313168061830368,1,46.795929555256144,72.94077275925062
3,1,42.13731437725842,1,0,0.945389048304746,0.012795118843164005,0.7522105198576066,0,28.553154425214768,43.09309884323618
17,0,28.59957148057762,2,2,0.9789765289436994,0.0598763129903919,0.8720247256142889,0,46.24782568726978,119.8844112898637
17,0,38.88598880330875,1,1,0.863525023857967,0.0785829448935146,0.751609603591481,3,16.836425826842518,164.46470698988222
12,1,37.34449033487655,1,2,0.8984398615970955,0.058364127139946965,0.5338981979140562,1,72.58664337303752,79.73979247506539
14,0,19.61198171997444,2,1,0.9709820866716743,0.08567065647452031,0.8617903502199904,1,32.746840187360775,123.62547873470554
6,0,35.029004049141356,3,1,0.7295640554238827,0.013008387978389947,0.9029850643354769,1,38.02650805403902,101.30569862192718
3,1,33.26274670846686,2,2,0.7696235733598494,0.04300768687833462,0.6447489325598599,1,20.897316841731644,77.14009641007478
9,1,30.303116574943424,0,2,0.9126700018754748,0.031336335205676025,0.8320628696416752,1,87.81932025009026,40.61258801950521
5,1,29.056282499646187,3,1,0.9471233385736899,0.05025456713414099,0.7132959505271967,0,54.409985135446476,33.273153386075506
17,2,29.141067502822082,2,0,0.9571087084991734,0.016513875387471025,0.9445596778637214,2,61.49321900077602,115.47567439566478
14,2,38.126894256439954,2,2,0.8245321530564798,0.09587184774139654,0.92261277908037,1,61.24894147853691,133.80510496068578
3,1,35.779105137915096,0,1,0.72680197068756,0.03009298609624249,0.7627159991548211,3,46.94438030872076,88.72661216307492
1,1,30.30478850265665,4,1,0.8313344431898859,0.09300769979352264,0.8457527729067973,0,27.327692389432553,81.05219480789992
1,1,15.080638535286253,2,0,0.7692203770621161,0.048330383953301366,0.9416748505110519,1,77.061947364856,21.399459246374903
3,2,34.94443414083619,2,0,0.7873589364989872,0.09869717199296962,0.7478585050391378,3,21.43506388219069,109.21194246748959
18,2,37.236136191777796,1,0,0.9316802670512517,0.059865254511418976,0.6566253702444109,0,19.348641125092946,118.87537974153027
10,0,53.0041008544697,2,2,0.722658125807766,0.09377495777582268,0.8768330689547906,0,73.91305338368531,114.81972355746028
3,0,40.75433063105038,2,1,0.9482743652442106,0.010481408982480057,0.6100331273923458,1,28.795331840678543,65.22424350283549
8,1,11.008236120845325,2,1,0.8283007257472507,0.07734149255628102,0.694265574003021,0,37.60954762175491,43.43221675492396
14,2,30.784293990186427,4,1,0.8788191793301785,0.0912745587792264,0.9328636185533968,2,52.77047203015662,152.6482398157673
18,2,48.11375028664982,0,0,0.7268956693707037,0.02257485102810587,0.8622111701346575,3,50.44161850565916,142.56277683805834
15,2,36.23548856901637,1,1,0.8012077235071838,0.018651326655893634,0.7019055026237496,0,73.77212125584992,77.96104501753854
2,1,33.28652160373209,4,2,0.7269102757044537,0.048211534646736005,0.6073722512041787,1,66.10886140990249,81.16697260577685
10,0,39.00228658915236,0,0,0.9884631168643329,0.09403110155196416,0.6779841954161183,0,67.99565460536792,50.590384687130545
2,1,23.77621805009197,0,0,0.9421784947978751,0.058814790417139495,0.6420520746137165,1,74.26488975899116,7.1756802749215005
17,0,34.78089996627456,3,0,0.8378898263069381,0.0574710817349559,0.5880446439719269,1,36.335145468111875,152.23265582484393
8,0,27.495319610080895,0,0,0.7670807644971013,0.02270135064693897,0.8716664567828283,3,39.00999806204263,76.6986322528849
1,1,29.803765141895255,1,2,0.9800365315749557,0.010071055998389691,0.6260349434250858,2,49.41979731059987,67.19686883266927
9,0,38.28454515695107,0,1,0.8033789787180915,0.08291260816709152,0.7270837350838819,1,37.67159557301734,78.41037436506885
11,0,20.732868975078183,1,2,0.7482953295062124,0.01788171066876144,0.6929297234180545,0,98.64440820737771,41.30994637347189
16,2,42.87982473801938,2,1,0.8689493165361865,0.06704648368617916,0.9910386893178154,0,83.26467337792867,106.81810706847813
7,0,25.771880389144567,2,2,0.9831322361034449,0.09231548090636724,0.6955461220741103,0,24.81892194304266,82.80705511060137
10,1,32.606628331504076,1,0,0.7011490871500967,0.028778672184258794,0.5399912413983774,0,10.503474029368256,84.33216822628727
3,1,15.994920397250569,2,0,0.7714374529761996,0.06987455526132198,0.544912876286042,0,13.850494142254107,51.114506650590904
18,0,37.19837290871391,3,2,0.9815342921231223,0.017082871903675852,0.7953768606765323,0,31.965710593863275,130.39357314751868
13,2,44.46503935946578,0,2,0.7513257900571486,0.06433796294538517,0.7996817758691328,1,20.28621572531709,118.43830784532548
7,2,24.85358450781853,3,1,0.7339730354919459,0.024753854885788247,0.7093794952413275,1,58.00043034033149,104.86071657439552
4,0,18.897766134904003,1,2,0.8710561647399413,0.07623582044636602,0.7159218461560148,3,87.21957004546228,59.22200005290904
13,0,32.77983064742708,4,2,0.958553146988449,0.03711081653145174,0.5269662914204356,0,76.30751988219046,106.52905966145114
1,1,44.54810644991743,5,1,0.8431329453081778,0.05170519079241817,0.7582732551946312,4,29.40481567739714,129.4042295098805
8,0,15.50143434519094,1,1,0.9983692770053574,0.06394874878248595,0.7523697376901759,1,45.936933042320724,57.47787587385706
14,2,18.93691818771658,1,1,0.9037515098613979,0.025414606959961564,0.5747746592784723,1,55.710478857814984,85.62838975043346
16,0,25.458104416884844,4,2,0.7222224721631343,0.07674740367558588,0.5519196930554637,1,82.9185264553002,137.9557598414343
14,1,21.796561754693045,1,1,0.9978496395045926,0.037237630657313316,0.5617862452997453,0,85.52094427955483,29.43705915782642
12,1,21.828145333910044,1,0,0.8223682710340571,0.06961346739214783,0.5505141232456292,2,91.87464807169984,78.06603940577489
19,1,9.058793723362228,3,0,0.7862207601536447,0.024245474562943632,0.8048540977683799,0,55.83207254525877,91.39709664404435
15,1,35.89056947405868,2,0,0.8673637550733657,0.07193058932857153,0.5982413262014593,0,72.48472717922766,95.53832247544102
2,1,33.38720502869636,0,2,0.7912922775462593,0.02153692655294156,0.6257150760937318,3,20.062033411054344,71.80271571746127
2,0,13.011508001963545,1,0,0.7259372521360457,0.04828208466429853,0.5867860720757199,2,60.87600639585839,21.248336711130385
19,0,44.57195759956247,2,2,0.700428502923753,0.03224854663649892,0.9789176522242515,1,32.382262852402164,161.00263903613492
17,0,46.81092314930488,1,2,0.8348750058760787,0.07735377244853643,0.9273087315759176,2,48.854519652395,147.6899082220075
10,0,22.490944502198857,4,0,0.9510590266679777,0.03358315040561871,0.6152474186757604,0,67.06454574760474,62.322567157773435
6,1,41.665485909770055,3,1,0.871694555689023,0.08935455757558566,0.663783146961063,0,33.128734406840294,80.58154941598791
15,2,24.27002195009054,0,2,0.9997621896830322,0.09026381902659517,0.6049464211524986,1,14.696655201708497,106.63307682310928
11,0,31.811165102110607,2,0,0.78605399369416,0.027679718370050732,0.7459379797304119,0,10.921047076788176,100.95034670555823
5,2,21.642378649790913,4,2,0.7841365194280165,0.0652461350506952,0.5098052662371269,2,11.994358199006939,114.80117564356567
1,0,52.142515234622756,2,1,0.7479248380701832,0.01789458775479679,0.8356840044483979,3,10.75147637623927,106.85735794864162
8,0,27.03982772670102,1,1,0.7492190764796005,0.045238338964146634,0.7615790749088208,1,19.931955090208792,91.35071431370216
12,2,31.264490228234624,2,0,0.7855559788030143,0.0741989556551145,0.9493194641505516,1,31.553984311311687,110.80838626993847
12,1,23.12062612536173,2,2,0.9378520135820582,0.06934809221649246,0.5821963421642071,0,29.909936276406928,92.06002267360154
5,0,48.61315597236394,2,2,0.9717270371909343,0.06622306024659472,0.9020546230305658,1,98.81169347619071,66.7735672162148
7,0,48.8661464608941,1,2,0.9925261509123045,0.035428677729619926,0.8959805072333579,2,37.54054946880489,114.90503724712909
4,0,46.309291812629404,0,2,0.7696868962289357,0.044022245449096185,0.5635905946084434,1,21.467870502345917,61.53978147017395
6,2,39.56440348347622,3,0,0.9643892636842275,0.019265153023025755,0.6992796120720638,0,59.10062897509822,56.75921220655459
13,1,23.752104530659473,6,1,0.798476526783201,0.07471205383902409,0.5850763205722584,2,87.21617098577575,126.72214297868528
15,2,38.27850095962418,1,0,0.7338521633550653,0.05534999171121462,0.6273602502287745,1,71.02543391089077,98.58991085240388
3,2,29.929572010752644,2,2,0.9610074776560497,0.07378890691110891,0.6316230874152722,0,36.647388022190526,61.552626971310566
8,1,43.124086217426324,2,2,0.8908316903930855,0.03240491723171855,0.7781181970128863,0,60.54545438123095,67.56959058036004
16,2,41.15902053365362,2,1,0.7494192688243185,0.039199440577155964,0.7057054658802328,1,74.33703767803682,117.68592571563883
13,1,23.507344219240757,2,2,0.8289493772539007,0.04007938035341032,0.9738664020031527,1,75.5294043130968,83.18672527739896
18,0,39.47825802837216,2,0,0.7861773084631203,0.012316816877249458,0.5631850709735026,2,69.988460976792,128.6044598220922
10,1,36.82034450043926,1,0,0.9210383706130592,0.04069430855475612,0.9868460674250994,0,88.37293822980561,56.43961181237092
19,0,2.2643713708655184,4,1,0.8360248691872804,0.08229741161662302,0.615319320107132,3,88.30949125096939,138.34685227393913
17,2,38.009366396294624,3,0,0.9967839835319154,0.09075686461747647,0.8864369681909265,1,62.10429034663029,134.43581927658113
19,2,25.682042113597937,0,0,0.7164234946778785,0.05663964840723348,0.6694849630864107,0,48.687073220009104,104.58289903799603
5,0,21.139575456683264,2,0,0.806504579840874,0.05099515256972983,0.571540697708657,1,67.74132660085898,53.80316875694222
9,2,21.567393957062574,2,0,0.8445700501329931,0.012774215682943324,0.9289445926231199,0,83.63908012334169,24.597475856803655
12,1,28.647571043679687,3,2,0.8509400664244959,0.08912839038268444,0.6544304496182316,0,10.508689435706625,129.01818508792377
1,0,34.80059580086683,1,0,0.794780746715691,0.011170919208328545,0.8294277021134211,0,99.2797308113366,-10.99409002
1,2,16.345379778078197,2,1,0.9187720747292704,0.09502750721891906,0.7832218425433133,1,26.460439509627932,58.72135485090502
15,0,31.898478362124642,0,1,0.9624241220466925,0.05402946238192817,0.7358781546954372,0,52.322408709397855,54.0340929392452
2,1,35.76758066193072,3,0,0.9816157905933589,0.040774104421725396,0.7479097363242695,0,88.482676135858,26.889409517775352
16,1,48.618057836696316,3,1,0.9415280130398578,0.09317965913583941,0.8661189570461438,0,30.253635913977945,165.6953150460144
8,2,19.233098307748698,2,0,0.9551740591919797,0.012195189379908707,0.5438864570617203,1,52.91157015103449,58.78395943101266
13,1,26.503878132221963,0,1,0.8651635901859986,0.062328240538217845,0.8340903309789526,1,21.932396216306124,91.76094281643708
1,0,32.61662972696479,3,1,0.9477664679280444,0.05940392720494039,0.9479060506992893,0,45.556869284937335,40.692301163481844
16,1,41.474093301916064,2,0,0.7910511727443856,0.02973883610902439,0.5288940985099321,2,25.942190931370227,165.2652064074003
7,0,26.95776118828186,4,0,0.8195436286327643,0.048599868821518954,0.5703266696168334,2,42.72649738940413,112.19430021311219
5,0,41.986413719910516,1,2,0.7950739041455632,0.06870376053493932,0.8583159683510158,3,43.611779511344984,116.88930917498394
3,1,10.626376835235401,3,0,0.8402162006343776,0.07544180771937348,0.7186408241223088,1,99.38537106384995,29.405705895772734
12,2,17.46651806878114,2,0,0.7856738848715908,0.010064517283592181,0.7017743104068441,0,99.5331726373395,35.50887725698681
16,1,33.4864434433422,4,2,0.9884834326763341,0.09431680870819138,0.568483317272118,0,20.33076507945512,155.25962003467706
19,0,15.891755019121248,0,0,0.7938533884017004,0.024807283515353117,0.7533850203588941,0,75.33719013955125,64.37705068664398
5,0,18.255294732332832,2,0,0.729413361433282,0.03102223908001233,0.5632726555981886,2,14.657093170219103,83.89379419352348
14,1,24.722231357540608,1,2,0.858045149815124,0.03371261011244634,0.7383102281552703,0,12.717281380346977,120.99643418995699
5,2,37.71438991915824,1,0,0.7171297235335529,0.013403812289683178,0.8818076494808283,2,19.48005048204679,98.00749724534668
15,2,11.040351586927109,1,0,0.7331629498925741,0.021074691123129242,0.6291321789435818,3,96.89370913071406,76.77631980454726
17,0,31.702983621623943,0,2,0.7658168167588738,0.09877149306497458,0.7403930840898636,1,94.67771931052276,104.6245838815846
14,0,40.329639471528054,1,2,0.8393050749646425,0.03836950636395575,0.9960079846984178,1,27.45350382526124,133.76045676735643
5,2,28.050547915710418,2,1,0.8299752796927083,0.020377098130514443,0.8433252116770187,0,24.550510199834036,68.57630225976254
12,1,26.311697704074597,3,0,0.9399075586008374,0.0196292135057161,0.9206783856525993,0,31.64815778643523,84.42606025051514
16,0,34.01771282558574,5,1,0.921842396165234,0.07475139709029748,0.7074238032802729,1,56.39922946676279,182.3284696057678
16,0,28.0788894727856,3,1,0.8278954881972104,0.08691117976293768,0.8839304615629276,0,61.27341688318689,103.95132739447058
7,2,43.904997812407466,2,2,0.8001112622726889,0.033125706955762294,0.5202545864706609,0,29.94340873955026,79.10536225095431
4,1,18.88586987865565,4,0,0.7949406352184496,0.011881856110171148,0.5614555912711225,3,78.09605092809507,77.36582449932696
1,2,29.48355844834915,3,0,0.9321985261882026,0.030078101660082027,0.6015352964600311,1,37.85978524623857,74.00891686513117
5,1,32.05686374960684,2,2,0.7156217218663808,0.015086412171708162,0.7009759623076097,1,92.99181929764693,42.1002885392952
10,1,26.215459481535405,1,1,0.7038464948531817,0.01930554429670374,0.9228724391628815,1,69.10504358110575,65.9287206137857
5,1,1.2871733704253856,1,2,0.9386633175779944,0.04883573078628782,0.6731330253939652,1,49.27160748732505,50.545815691684105
4,0,28.39095091950807,4,0,0.8431439127967147,0.03069265337754693,0.8273105967577314,1,81.09208015325608,52.88223630373802
2,2,39.001769869124665,5,2,0.7392643415660728,0.05643512906728811,0.8546571474017417,1,83.61231634419983,84.38821533924695
10,2,37.78109186126017,1,0,0.7706697803783503,0.03281443779314713,0.7930911770441706,0,36.14334450480493,81.30375162288864
19,1,33.547784821701995,3,1,0.9797511859292147,0.09464835709926529,0.6786209840850681,0,40.574308945247594,149.03986886098306
1,0,19.021376416507763,2,0,0.9578508926874694,0.09153495711336382,0.7885266708567722,1,94.23596383557431,23.861694007564523
5,0,33.953094624584836,1,1,0.9129355150671917,0.06101254945094195,0.6711327963948731,2,24.82669345269447,98.9766798239778
13,2,24.26562178457762,2,1,0.844667569101198,0.04189815927886476,0.541936869276006,1,13.793537526664078,124.40753469234072
4,0,33.53482905948667,1,0,0.8560970878574157,0.04430321938312621,0.9964019890930071,1,50.864979034859424,49.022619016163695
16,0,31.215050114017156,2,0,0.9925733605851876,0.047066705483004734,0.5635912268162555,2,82.10889102192661,110.12930810253899
16,1,20.236247287166286,1,1,0.9897311331652862,0.07548213899214497,0.5361741919180287,0,79.45012956796712,80.94643728270982
2,0,21.075441606430964,0,2,0.7645807137357502,0.050647509596695416,0.939265374603578,0,92.75775660215493,-2.614807996
17,1,33.55022454421516,2,0,0.9433313698915955,0.08710569518553077,0.6509173304464475,1,57.98805979321362,124.60191519838824
12,2,27.788869047114982,1,1,0.759172799850105,0.09496853073373282,0.8251484870367538,0,19.005820440987996,118.1058942715089
18,0,21.59718569342871,2,1,0.7640612433651854,0.04023515380410405,0.6645028648311164,1,62.982007690241446,131.0297353253387
3,2,20.77169810273167,3,2,0.902827910249373,0.06046250332381122,0.6957271353972356,3,80.05560529178905,71.11578593290929
1,2,26.96169152013784,0,0,0.8215003295762645,0.0185550883149308,0.6310564860083983,0,18.399530824284376,15.799262280901829
1,0,45.681047947182094,0,1,0.9794633221319561,0.028042214298972308,0.6715220028965051,1,25.539166098783078,35.27966341422916
19,0,24.739219677880413,2,2,0.7267029204688026,0.047211919003914415,0.7053502002932716,0,11.106159504010382,140.6797083191914
11,2,29.859804617424114,1,1,0.8534576922428478,0.028558244431160097,0.8602080345461715,0,63.42873215021294,69.72279903393049
5,0,31.016442876895102,2,0,0.9755564591329364,0.08889044417098459,0.7557680971173959,0,89.8060952751314,35.91759480785242
12,1,18.68973608508057,3,2,0.9712340981438515,0.02424576304531883,0.9717826085784884,0,70.35969844018896,78.84940672667116
3,1,12.371675161573048,2,1,0.7469587640247223,0.05100947393977828,0.5209401969193878,1,98.38360788318839,1.0023739232525308
1,0,19.73359265264269,3,2,0.8099913100289369,0.06451293164138881,0.751534161316014,0,15.67302872497854,50.01493737209023
1,2,32.470773778063034,3,0,0.8857364200140089,0.072267751734476,0.792112394415859,2,91.27009766363466,63.38228799457664
8,0,30.873310579154094,3,2,0.7478184654314206,0.044476243275385616,0.960098493037137,0,83.26614586480126,41.280978601319156
10,0,37.02406569151065,2,0,0.9904066516137215,0.08821891618522557,0.5245792618107138,3,38.28173684495545,139.38493994680718
11,2,30.967498949591164,0,1,0.9744247986182981,0.0611487235970133,0.786749792467608,0,97.61738966535266,48.212851320219585
12,2,28.904507085307966,2,0,0.7500850537103407,0.049555700240279665,0.9268149642639785,1,35.91439733542735,121.65212650379388
13,1,23.95987725074873,2,1,0.7363466383782956,0.016051657064683297,0.6209638640596182,3,90.03742514453967,105.61460691736723
12,2,38.84606789862693,2,1,0.7256225448424796,0.05182205216006486,0.9381461742619688,0,89.26737193667705,62.186243039593094
14,1,20.808198612792832,3,0,0.9728330992109893,0.08386622567341573,0.5095217046371459,2,78.18918549426752,116.24834934572604
2,2,18.896004827039793,1,1,0.7580871429386382,0.0653086916399184,0.8662273145668649,0,60.71234264315667,35.33697776618274
19,0,35.67055517388103,2,2,0.8248854785633064,0.08489462083562066,0.9665566105843265,0,20.800247465519924,164.59720594201164
18,1,16.66842689346345,0,1,0.8346554096956009,0.054461050353937515,0.8285988308200312,1,57.877456104684846,93.59699115098371
3,1,54.14790998658631,0,0,0.8797033132640703,0.020661553458503366,0.719514621990224,2,42.11166300894411,63.42446864176453
17,1,30.799933805591433,2,2,0.7215206031242275,0.011227586125229297,0.522440508236359,2,81.29953298398166,122.65644709313527
8,0,33.47906116324886,3,2,0.7680275852201548,0.03728975920467321,0.9600569066613144,1,78.23162858471603,78.25262538616943
10,0,21.91580175476613,1,1,0.9794471160756778,0.07281914243480132,0.7351481113457874,1,91.95512566353447,63.96503534005718
2,0,26.84735155758454,1,1,0.9725230321805709,0.08112339135475244,0.514498372167974,1,11.334714618853708,46.72540542867202
19,0,25.73242883117646,4,0,0.9343871942217077,0.03661775511582965,0.8449105356643809,0,82.81928951407414,100.63322542613479
9,0,24.581650123313583,1,2,0.7058203736854646,0.05460885287949225,0.7409186267881291,1,94.4615847812202,48.1269834898111
7,1,36.32961751509826,2,0,0.7981020305488306,0.04790070139906735,0.5621726587212054,2,81.03704041973351,59.75817950782789
4,0,25.50423961774719,0,1,0.8883876206028724,0.046947050591628514,0.6071359046551298,1,21.717501388333005,49.487528861966574
18,1,40.17501229084181,4,2,0.7825570635320427,0.03082138418801355,0.5322453402279231,0,17.315119435679897,176.8685788884385
13,0,56.63182350119824,3,0,0.9728760085161332,0.022273399452651256,0.7871467698542868,2,11.876071582693072,153.81298932620126
11,2,27.04458759853451,2,0,0.8901668385497326,0.027701970240809184,0.8110147396260046,1,66.5870703245264,63.50983210509799
4,1,31.523155135766242,2,0,0.7215720151949336,0.01497991484470115,0.7528711491777222,1,66.67053866738985,52.87021203080168
4,2,33.79482057165507,3,0,0.9727016766507108,0.027831766764121933,0.9085510665013075,2,98.8222342796391,73.86248520967484
10,1,48.11504812593517,3,0,0.9873299974528668,0.010828080786284151,0.9305044106540068,2,45.823885669368615,111.98072391802943
5,2,29.173522149618112,1,2,0.7233137255175176,0.06645325605723805,0.8078121983415634,1,39.871565640774705,73.90436651995972
9,0,21.709830803416374,3,0,0.8597080704583945,0.038473786664891464,0.5063782398537153,0,66.19824344659531,58.97697106290951
3,0,17.33659494374296,3,2,0.7910092846642511,0.09758302402842178,0.8476148278738678,1,84.30478052568346,72.41296090539342
17,0,29.42016052567766,0,0,0.8178517229444207,0.02743453456986681,0.7089996084601757,2,94.30965545707016,80.98482855752113
3,1,25.516197809461175,4,1,0.7538953653866025,0.04112457132786346,0.7827787416131935,2,82.28117495611347,60.35710985027633
16,2,50.10009289300001,4,1,0.8734216306037237,0.042205704277737996,0.8245403010094422,1,48.40065825542243,167.76296190096153
4,0,47.698624206769665,2,0,0.9873938059746672,0.010760634645621448,0.6751183071635384,1,67.14228117808577,55.3836367747351
18,2,19.65627172076402,2,1,0.8509217800814827,0.08552871577355131,0.9585492525858972,1,87.06693940445052,118.00856375250602
17,2,22.892398964508214,2,2,0.7248743744183443,0.012879501412989226,0.5669874333748905,1,54.15487194805655,118.26946286223388
7,0,30.737701078868863,0,0,0.8860004000432224,0.09461618512563173,0.8357559036405187,0,29.501797933485342,62.67232545965892
5,0,43.97226422558763,2,2,0.802066898335377,0.09028669159842587,0.5021797899782903,1,25.275109577308566,107.85405531009941
12,2,30.570131363710512,2,0,0.9567775568773893,0.05819697244773673,0.9623255527025905,1,10.014197012025106,112.9670991895412
17,0,23.527593620119536,3,1,0.8304034444949411,0.058923601742016295,0.5562520666190458,1,74.64141954831558,118.61898042645133
13,0,29.411181900972753,0,2,0.7578518826826737,0.06884001306605407,0.5474421150737874,0,19.998748796139147,82.0029976826098
3,0,23.71515136103953,1,1,0.7573316868073434,0.04483450107413983,0.6665038165261221,1,31.945518972634638,56.01056317778358
9,1,36.02477209439482,3,1,0.9306292542163481,0.068250005505807,0.6867831430195404,2,36.808869837051404,123.32472822415234
17,2,22.90966288335295,3,0,0.779676279492208,0.014029154981963818,0.6071500361614393,0,60.43418741230915,96.82303397252052
17,2,24.89563947573033,4,2,0.9301700182477669,0.014864286461475392,0.7925608304635623,3,45.81615495661923,177.38963282179853
16,1,41.61933813456096,0,1,0.7617661932299797,0.051150737765759,0.7214570490209817,1,70.72065928208457,104.10469794062904
13,2,22.316350526859278,3,0,0.7965059106103928,0.05946600709954315,0.5170877945205437,2,15.007479339583245,150.39842693121653
19,0,15.538719674398378,1,0,0.8396460917319097,0.08990358763022371,0.6598260311276503,1,21.154527483799548,134.2310212512989
17,2,30.949937513563047,2,0,0.9829587549080352,0.019419457051710665,0.9052164567865852,1,54.92903531799401,113.19778753039952
4,0,26.39526595795404,5,1,0.9795194274261474,0.08403831344745004,0.8448507674309342,1,40.32683090621468,104.56555909086038
12,1,35.11415500929954,0,0,0.7620615626266863,0.028904260356286265,0.8624354267899402,2,36.62320264762238,104.22619945358763
9,0,33.1747193473109,1,2,0.8074657123729219,0.04546752836590287,0.8490584620417618,0,16.032527113377046,82.99417468035605
19,2,29.68081505356638,3,2,0.7448198165361316,0.03849421913446716,0.6554865106915166,1,90.61472572732013,135.2364471785311
12,2,29.389565745300043,3,1,0.8529955237940491,0.04601397455788592,0.5498319610383879,1,72.26367275125457,100.43912745618483
9,2,22.64141550677165,1,2,0.8381747652084,0.023544594826532702,0.636233592016548,1,20.945634113768442,95.72822117754603
7,1,30.833470709932428,0,0,0.9702280487352197,0.055321306696319954,0.9158926500925797,0,15.854136196342655,50.05632388785843
14,1,38.81284781432768,3,1,0.9790016133373218,0.08214783308482305,0.9902353988915356,0,97.73852800881187,93.04833992419036
19,2,20.265532586005236,3,0,0.8150702173021875,0.049738060934100735,0.7469235073707807,1,71.30552953955544,145.86883029310872
15,0,29.946026236384657,0,1,0.8475213829056968,0.05415522183083792,0.504850177461521,2,47.571046398436735,119.48807073510619
16,1,40.383887557346114,2,1,0.9688708747438399,0.08638908267531828,0.5700224060671145,1,73.15579366802064,115.58378485633897
5,2,35.05424093216699,0,0,0.9420123423235185,0.07354523031742277,0.6610402876581329,1,78.06986078321432,41.874993811827665
3,2,43.09472896350713,4,2,0.7010968934033948,0.05414089676678063,0.7892926742964749,1,80.19659821499015,88.68156759952242
12,1,24.318576701656653,0,2,0.7960178692550747,0.033192608337026176,0.537546822902657,1,53.00895750877519,83.88443322506366
4,1,11.692315516051337,2,1,0.8265322725808377,0.08964340721604701,0.9716786493549407,1,48.68944823123632,60.55400672930612
16,1,32.00651803955687,1,0,0.7689148851049695,0.06193183615215026,0.6825418366422004,1,10.992527584201031,142.4737813158656
7,0,33.62570815026485,0,0,0.7598714847687816,0.029903284909962406,0.9562921089624115,2,93.39014036276542,47.095263943659766
13,0,43.68421954472675,1,1,0.7113353519787039,0.03422077773742094,0.8902609013785109,2,64.29770905500487,113.91716984507428
10,2,41.88145734706984,2,2,0.8930109175209282,0.08228197800426214,0.8777186362577906,1,28.28385434709713,140.40307081443368
7,1,35.36743623012462,5,0,0.7787530871449496,0.013973100587870992,0.803359789891116,1,92.7643077479293,80.89108221481791
14,0,37.653902141704336,1,2,0.7157041535293939,0.09928829683259381,0.8133919085259222,1,92.34387115932667,106.21668349112896
5,1,28.08178541793361,3,2,0.7692937931584191,0.021731651174331262,0.8190016176081241,0,99.02657479294864,43.604834275296575
3,2,17.80885388680783,1,1,0.940574185850838,0.08164616728572437,0.8143606935127911,1,88.6650906825081,26.011082822759004
11,0,31.177212173809103,5,1,0.955446754493964,0.04552977850945147,0.7768641156991807,0,99.80059490380583,83.3456757547035
11,0,39.82573463627777,2,2,0.8449198735579908,0.05429945649587203,0.9932070092414444,5,32.02175693109453,175.8899132578024
18,0,36.563608698285485,0,0,0.8248212011226058,0.08925855197181201,0.866145283712848,1,85.80246266793107,92.12243207003712
15,2,38.338073391593646,1,0,0.9933561080505345,0.0471620070630292,0.8884731941962606,0,84.0725477916188,66.32154575780635
12,1,25.72244312953248,2,1,0.7601693978764209,0.05837443783059111,0.9362314075418371,1,30.78463232986604,100.22715633964671
9,0,27.34453161981576,0,2,0.7646077848563825,0.014436969616825297,0.6078198813629245,0,18.85937941008917,55.10655925410327
10,2,34.83425488114603,1,0,0.7875601531109199,0.010211272648070785,0.5419020795475304,2,98.14784623098397,63.67707854853159
12,1,24.534926054912454,3,0,0.7518271954843262,0.03203198857015534,0.7414472182992993,2,36.64220963685493,122.63944340069781
17,2,24.842829300669976,0,1,0.8138096794612559,0.07125247836268907,0.7570403478096366,2,88.38026114210254,105.00179210379808
6,1,32.97982236377452,0,2,0.9732502680969262,0.020913840402322303,0.9145908899749589,2,10.37144392071435,66.67559086771448
7,2,37.60904743156908,2,0,0.8846043521885723,0.020238576292409452,0.7218917896411678,2,11.892232649764198,123.01774772983637
14,1,28.004713266705913,2,1,0.8235839645836791,0.046986454723231305,0.7854265127721564,0,51.92841778267316,106.51338670608189
13,0,18.36810538946361,2,0,0.9803232383713645,0.0683053334747404,0.7635354692567291,4,31.48432155415572,148.57280772823896
8,1,22.641960849571703,4,0,0.7145392697427466,0.07408647930231375,0.5191013918786955,1,72.08571550923679,103.82493925120903
10,2,32.03672084893098,3,0,0.7630828533705584,0.026060560668853733,0.807607448298457,0,60.90078930111589,67.81665550649696
9,2,31.915209638659647,1,1,0.8697665815305277,0.017162933263483823,0.9140216428871262,2,16.97372177054423,127.27098619709889
18,1,32.41238137655348,3,2,0.8846657869579537,0.09463573305509898,0.5787502740379019,1,24.636546668414535,161.82332406369395
2,0,35.212952905957565,1,1,0.7118672519687839,0.03345997443058916,0.7971658669632979,0,44.924434305257286,33.92750120749952
5,0,30.0581055854245,3,2,0.8209116273721396,0.08680118478478514,0.7968052722232072,0,26.704365755988984,74.27237492630296
5,1,32.65056044840312,3,0,0.8947461894492618,0.08771423054165364,0.5820924820281794,0,81.30001125195358,47.922045863760296
6,1,29.549731771711333,2,2,0.9094211639210205,0.079527033258629,0.561731786865368,0,47.44632119979521,72.9891274656837
19,2,41.48733482929439,3,0,0.8914419707548807,0.02519502459873131,0.9900259714882425,1,18.408868015824936,163.56890382073215
8,0,44.32342031217502,2,0,0.7961689673082774,0.08396213133287804,0.6968595848265188,0,53.59086120449123,82.24600368741798
16,1,18.109887176199656,3,1,0.7280560370793728,0.07923255033174281,0.6137108643617646,1,18.175436295527277,147.58541232772384
13,0,27.447480578977466,1,0,0.8281337339258001,0.06370506910955955,0.5856622722271875,0,21.604357487783545,81.7952957567285
1,1,30.327244915407075,3,1,0.7386263312104167,0.040348183165205755,0.8338008567916175,2,31.564884882538475,77.77873717619879
17,1,27.330852879856792,2,2,0.9842870975562001,0.03362577438398897,0.8047226486636394,0,87.35749347227409,101.77226740888827
7,0,47.92922591330873,4,2,0.8425512598067885,0.02097002908723231,0.8217760614937087,3,93.21512790996748,113.11558559085395
13,1,32.23955278089735,3,0,0.7951777523070602,0.05587813602107843,0.5440030137557261,1,84.36319563988621,105.3881703777444
4,1,21.94628172949656,1,1,0.92989122133567,0.0626734787958862,0.9467672917492185,0,40.06694956760625,51.26167819457102
4,2,35.96442339560671,1,0,0.8493845777746791,0.04234050914642085,0.6946331984045242,1,34.52017969979485,42.86178610415343
6,1,32.709745388461926,2,1,0.7930102072037349,0.052782316091278175,0.656684703215179,0,59.424012171121525,67.7347907981215
19,1,33.041929195534216,4,1,0.9435903227172405,0.04271630116323401,0.7311807236238697,2,74.9667844479801,180.07527768417728
12,1,48.078761587991906,2,1,0.9601456453003365,0.06769054515886312,0.6950330328738141,1,99.40355093441573,96.17673180396133
7,2,33.507851757548096,3,2,0.9019024498866031,0.0911133287016907,0.9317885015695729,1,21.84136406910336,129.5153659795977
10,0,26.963384761260038,1,1,0.7140893267223002,0.02475282358422504,0.964630487598946,0,14.4362799121424,90.10844317981899
19,2,10.447235736898989,2,2,0.8698968640499596,0.044326792891281115,0.6517266082248031,1,72.49203000957439,116.03818459599725
7,2,28.34600981856488,4,1,0.9289884735991845,0.02267817435557752,0.9319679037299774,1,84.9003205153515,78.4610584615265
3,0,43.05969917327189,4,2,0.7409509036250747,0.06624493933670489,0.8907615647665336,0,86.17139018797809,52.77613126136912
13,2,29.088308804438128,1,2,0.768601225415381,0.07559834585397363,0.9654038361723809,1,71.06171941694447,106.59701297224892
13,0,7.599501014804968,3,2,0.9647485315204409,0.09387214593377104,0.622875156092944,0,95.86142237072684,76.59246938801489
18,2,25.016376078075535,0,0,0.7060365165559221,0.03509847336348684,0.7884795750604896,4,55.99042871901282,152.38631767428157
8,0,39.92688538912792,2,1,0.9258181413477928,0.09551900852788872,0.6372722923702223,1,92.24333185025912,84.15970683973224
9,1,35.45817174562015,5,0,0.8421319877543268,0.015693640463860733,0.912047245242187,1,97.10309232923707,78.65943575014538
7,2,21.601191034892643,1,1,0.8340316476518821,0.06427124770281294,0.5026620952855321,6,86.2441711302797,117.0277130458485
1,2,24.34715223600918,2,1,0.7021289597484661,0.015141944740899698,0.782409581443198,0,37.87827069327585,52.738746306839175
3,2,25.892913408975833,2,0,0.9458194692899479,0.09043967689857504,0.669601715635959,1,27.659408605326576,65.909702405884
13,2,23.3728622813707,0,2,0.8079474701909699,0.057682815136304876,0.6613418535389102,1,59.33080584836366,91.70157322579087
17,1,9.703261322604178,3,1,0.8622296893901629,0.07024135156865165,0.8224531619324584,3,50.77132753421696,155.0901466951094
1,2,37.635911006198555,1,2,0.9031902059006978,0.08484165333194073,0.925742224656997,1,88.99825079734596,33.703259488865804
6,1,42.570599566890934,4,0,0.9107888729313747,0.02352795602355719,0.8045976956966632,0,19.002850396043833,106.71694187606616
6,1,14.815510560352598,5,2,0.9867940176478217,0.013473240574432046,0.9265864893233613,2,33.19660551803668,107.34855124657453
12,1,42.43852932586314,3,1,0.8594019859709827,0.0890993031321567,0.632298555940515,2,77.66190500668377,119.53722507481514
13,1,28.969767986027843,2,1,0.8199158652923282,0.03834399047130393,0.7597509273824905,1,18.548798047958094,116.74250079928986
13,0,42.251323481678746,0,1,0.9861110879475123,0.021608101713444877,0.725268269533538,0,38.86879726195302,56.75114487711821
15,0,30.37950436290446,3,0,0.8926330705076563,0.05216151133783779,0.5058224497515481,0,44.843985464858484,96.99495656348931
16,2,31.3554459215863,1,1,0.7894451068829667,0.0638475468126417,0.77840607157037,1,66.03344169064209,103.5942057108567
11,0,33.72434646982213,1,0,0.7379392736210713,0.012787354308025911,0.8307621620730874,0,24.23193811474281,80.48257711352801
5,0,22.099336748647218,1,2,0.9527663504395544,0.0347406092431379,0.795957202209535,2,87.45440413147386,40.47857739509488
4,2,41.94674144328022,1,1,0.8086544808382454,0.012951988684920642,0.8681399493917108,0,50.27880119196468,53.65845962978324
3,2,18.786193619252153,2,1,0.8981409164093294,0.04783018502759491,0.7856697642265386,1,92.53195406925008,43.6363945826146
19,2,25.97933255483329,2,1,0.8412449258097694,0.09055900261596199,0.5333751274253784,2,52.108292227053845,166.09497631961577
18,0,35.24264677643169,1,2,0.7596789339385115,0.09843871703442124,0.5582227620423557,0,34.75362330466601,131.6233697046644
15,0,24.908047595145362,0,1,0.8805059825861395,0.06733427981532648,0.7982372887719762,0,22.76459458189074,94.19792037374516
9,2,37.77531240814944,5,0,0.7182049206852047,0.024547392440613262,0.6374895959868201,0,10.337058524015633,106.44716810538425
17,1,43.75866173183957,0,2,0.8240027379613577,0.09152644509993753,0.5398225645173829,0,57.8941736486352,112.86586361284107
14,2,40.12546001053837,0,2,0.8639844818991013,0.05646230408800545,0.7148013717242734,1,19.64410272342311,118.40511411946409
15,1,10.638846863213786,1,2,0.8308140922355737,0.023837438089262628,0.7771612990418277,1,45.25549872680604,104.19508810413664
1,1,31.258469696193572,1,2,0.9246016525752973,0.09295540025064952,0.6643729941748033,0,63.0344585113378,56.63110134575308
3,2,40.28682610696392,3,2,0.9483774863635938,0.07817221456507928,0.8602168511128889,0,34.81173072124302,88.37043987933482
16,2,16.83251153177943,1,0,0.9313729222099534,0.07585347454508365,0.8218853040506223,0,25.770186312950372,79.78783347662434
11,2,37.236105872288746,0,2,0.7116438843435406,0.07382626334149642,0.666409180545836,0,79.72494603484074,67.17775817706206
12,0,36.67460781639312,1,1,0.7582386311337916,0.02803058389867981,0.8774362644542804,1,95.21120550534584,72.41982702688047
10,1,17.879101080617346,4,2,0.8609822527791322,0.028990602253677347,0.8243475212665177,1,19.039637607576942,122.830291878593
16,0,38.342326657401614,2,2,0.9804466121331403,0.07194636985845296,0.818722689358951,1,24.003129194650707,141.69428871640778
8,0,32.726977935299345,0,2,0.950487032515635,0.029775047509935725,0.776713850393534,1,96.40113915274468,42.592909853059204
6,2,36.50381788721268,3,2,0.9527603525055405,0.0494804527122744,0.5056948340442764,0,13.400579963102164,84.96419812372349
12,0,20.336876142348675,1,2,0.7909624581279024,0.08038016430345472,0.8482535917384446,1,97.9869102895425,63.869770974297474
8,2,31.501361163713845,1,0,0.8288343691236107,0.08055572662880568,0.6880208955545782,1,10.41800347764899,102.48868871590923
4,1,12.951214458676763,0,0,0.8412117841947813,0.05079355952732737,0.9713048550793277,1,88.63017900861982,-5.005835184
8,2,7.2300879246694905,3,2,0.7472114750049731,0.08129709444477207,0.9089923855386026,2,37.659266288897456,120.9236817233732
18,0,31.408284265277498,1,0,0.7093204390733369,0.08547596165782512,0.7938472347656561,1,94.47299723595668,88.45505247590663
5,0,41.005976067613105,0,1,0.9840708698381551,0.06892981761558342,0.6260909909096347,2,38.52507597720269,92.30377575703716
9,2,32.5293681426508,2,2,0.772213775699052,0.030558326707757814,0.6018586966388333,2,68.88756893806504,94.31927022172877
4,2,29.365539360558543,3,1,0.7719846711170893,0.03466106023469928,0.6701924188387746,1,17.202931278934297,87.50835810625351
17,0,28.124658799451268,1,1,0.7250137161306278,0.038335703986786186,0.7382839717900093,3,31.80968303083651,155.97415638411158
9,1,20.574346085569346,5,2,0.9785523255831335,0.02051236969605568,0.6480327550194735,1,79.63114118313257,87.7060962195825
1,1,27.781390962046938,3,1,0.8739211344819315,0.034584365833295064,0.7574647476962414,0,57.581726831093775,35.36647742339402
13,2,34.21684468264444,3,1,0.9001110571376061,0.028856730188127892,0.5826852127565929,0,93.51721556083403,86.79904180782599
16,1,25.647777671993715,4,1,0.9734730661789157,0.0509795874827742,0.98885640641275,1,48.58762675072189,149.46784851154743
13,0,37.50586853835777,1,2,0.8036860506702368,0.09175937930850385,0.5539622774824969,0,88.28311292325307,89.48796579694526
14,2,31.959750338646028,2,2,0.8864521933414252,0.01940322850785623,0.9659720698271861,2,50.40598937304138,132.5260793397296
3,0,33.16979417773407,2,1,0.7116398364186662,0.0748241131552656,0.9567890057013475,2,98.13234508317868,56.389683008452465
6,0,38.886627535509604,2,2,0.7560317584693388,0.0718554703971815,0.7626802409097491,1,96.3850943258989,90.75974128303608
18,1,24.732445673450094,2,2,0.9493737415269827,0.01861787787970219,0.8624551359180421,0,39.62230350004723,128.10943730397452
19,2,36.59380586186951,3,1,0.9300305069015007,0.09303151644152201,0.718024148986294,1,89.73313033751229,133.94012929970205
5,2,26.13523282748026,3,2,0.805192807437144,0.06116249819411377,0.815017288771219,1,86.28502367940843,71.41433786018516
15,1,33.3951448381884,2,0,0.8130431883322637,0.04273529690221159,0.6702879687105594,2,28.961235759480655,134.53256596651002
2,0,23.542286493634315,3,2,0.8600663300660738,0.07808847251457761,0.6505795098927227,1,66.18613607049427,57.00842280116505
10,0,20.892961769352677,1,0,0.7000723014055403,0.03316289125614707,0.7891148930847569,1,16.541408403083338,70.09276500465627
18,0,30.918647456484937,3,1,0.7723733008114083,0.07241588533416884,0.7490648370919901,1,85.30396485251154,124.99193294241418
13,0,11.14799947978883,5,2,0.7624695425824644,0.01357400868150225,0.7897681845749905,0,25.709129515314686,136.96294891936392
5,2,27.037325564911182,0,1,0.775144884024929,0.08554672338483447,0.6433302906435114,0,16.373323124718805,63.98705121994099
1,2,13.936229943908195,1,1,0.9417717527600324,0.05033537623191867,0.6834789159084976,2,46.01971859849301,17.926982092816523
1,1,37.792340343136075,2,1,0.783902156963933,0.06730236229221476,0.5419489803144546,2,61.92299247396791,78.5576321241843
18,1,40.501105961089145,0,1,0.7574563966150444,0.029911403782601535,0.5261381861361029,1,86.94252627037939,109.86817517608151
15,2,21.36048778579194,2,1,0.8512790382379094,0.07093663413926032,0.6267285648365082,0,97.68182729695629,74.83019811887718
17,2,34.28312962473496,0,2,0.9596935109118196,0.0795016248303949,0.5371234296652729,4,49.55432613128773,175.82541825714105
11,0,38.99135713687492,2,0,0.7724049111512499,0.052589186819595894,0.5518873543173703,1,15.44022306867432,104.36382004242392
17,0,39.02469222501783,1,2,0.7235608728378395,0.0655954231655615,0.9064642026969685,2,77.42040211232836,132.70657635911778
13,1,32.14450833971641,3,2,0.8069214207548994,0.05106933314401588,0.5194368485083447,1,60.86559306015437,135.49920675016642
1,2,37.34304675561497,2,2,0.9242955473694934,0.0904682232332061,0.8294713969673714,0,50.310221036001685,53.24553136278438
2,1,23.50668688079606,5,2,0.8652071634084384,0.054808226246288734,0.6362788744077003,2,37.834199091297066,86.93866631578898
9,2,30.8312246565668,3,0,0.9450380108723042,0.08576278381259371,0.9357728403540633,2,55.21586750591821,113.16199301238613
3,0,25.32896593209224,1,2,0.9878776442827701,0.08212168524432238,0.7424961422887497,0,40.48116440113279,40.843459917482896
1,1,22.66212026214636,1,1,0.937798743025485,0.046945433921352094,0.6527882296639129,2,78.13106809726243,41.903265615892494
16,1,30.360633914696272,3,2,0.881140923653126,0.030707604267172756,0.7588194678447173,1,58.9504326843377,131.5459131344755
6,2,33.47530376158075,0,2,0.8480024764157141,0.04654739193037939,0.6909790095226345,1,88.91629967387007,40.9835309918693
17,0,41.63508767954987,0,0,0.71202072590448,0.08435956381976982,0.7821505323349152,0,58.91895231844978,108.18785794127076
5,1,32.65155527298887,1,0,0.9952965936442124,0.030486928223745317,0.5572664341631741,2,31.443617200593703,70.25692318827555
5,0,36.41930534961551,1,1,0.8150443367725128,0.05719927112719745,0.9984952514062755,0,86.598269400893,23.46301226482818
6,1,36.53283173249538,2,2,0.74566846417506,0.08254870731646728,0.7127779388483588,3,60.14971404370395,129.99997966013962
3,0,56.875343656969605,4,2,0.900012656618937,0.041812972761554094,0.6741153198536843,2,28.615693432920512,127.88430983304498
5,2,11.89967596727421,2,2,0.7852864867286378,0.06779886733024278,0.8551049241581324,0,66.11570289605999,46.1860321173246
5,1,23.12066133162822,6,1,0.8757334812793143,0.03210684166439331,0.6819497032476662,1,42.19450884481848,103.54065489028358
10,1,44.740560524880806,1,0,0.8760303723533773,0.019835150083134395,0.9166371525143788,2,85.99650510628592,68.86703194227007
10,0,26.47986925146526,2,1,0.8337189462708607,0.08149458025835707,0.7271353621802126,0,50.79697647818885,72.95048942399032
19,0,38.858031376017195,1,2,0.9508355846635128,0.018907176106783614,0.8597792066327175,0,75.37972222966751,104.07534718545607
17,1,32.30009523762836,3,0,0.7794901184666329,0.03442432555716261,0.5537266082209433,0,18.598258687261342,128.31918550409264
14,2,51.05202401208011,3,0,0.8345897774853203,0.08695984797976962,0.9230595927775559,3,45.64219116721116,189.82945824269245
9,0,18.86945572936288,2,1,0.8613076385772914,0.04118223583708005,0.8678589933890549,2,98.49172928251588,67.97692481248501
14,0,42.21800552518813,4,0,0.8990874162301898,0.09757408145627451,0.6058583892309828,1,82.76142605294335,132.32266570054185
1,0,47.49581305272499,2,0,0.9351915551516768,0.09817609012964738,0.5726430048728933,1,24.39467221302358,71.40579884330579
19,1,19.855811228320004,3,2,0.8184421848634768,0.0341448418408201,0.6581461743628122,1,34.998764452952955,161.67344565943776
13,1,37.82870243581346,2,2,0.8938140832289788,0.013688040002490142,0.9880352930159522,2,39.683422797072495,139.16213679589214
13,1,20.345020141709444,2,0,0.7451832859205557,0.07345569557848412,0.6284157872835293,1,68.53290044459011,89.95857044051104
4,1,30.301615725351247,1,0,0.9797944301627436,0.05058878523835094,0.7280636044733166,2,78.129528354069,44.390074793858155
1,2,27.434120698178262,3,1,0.814917641926301,0.019067755956361867,0.5150101128586682,1,77.45739479271188,28.30949215489273
17,2,5.972460651003129,3,1,0.9188564265929315,0.07367705370802385,0.6986137647831163,0,55.888665067576255,111.84998551638857
8,1,34.24234259711899,2,0,0.7061023245646533,0.012805741820072911,0.7856600077165514,6,82.97384840543361,133.2292844640685
2,2,31.43339167606231,0,2,0.761556142871442,0.08831770214430179,0.9765623062539825,1,49.337027448172755,50.7031960364148
8,0,44.790789734057604,1,0,0.8461247632970734,0.022478727620197335,0.7583680224700322,2,21.149250876600572,109.96281849492478
7,0,36.111436546495426,1,0,0.963475740319704,0.021458069087205253,0.9095536630888439,1,60.79976574884319,38.28563441958446
2,0,52.90883924078763,5,2,0.8581765449852031,0.02581050681717261,0.7735638212844502,1,95.7071246140996,73.43563116526202
3,1,31.070423820787138,1,2,0.9789611446881636,0.09642397226428599,0.520392506717759,2,81.36942862532602,70.31752384459803
18,0,28.944699479976926,3,1,0.8451390689748388,0.07238524242284615,0.657504137594887,0,62.083058292301814,125.1037600528647
12,2,28.15643349282904,2,1,0.8471347290207849,0.08212343819172731,0.7877747539155516,0,68.21250943141872,86.72449389128049
1,1,25.604112889682263,3,1,0.7359240365501595,0.04578714871594778,0.9752969829655622,0,93.75058243320154,23.359359402557367
12,2,7.922490836174312,4,1,0.940796873245666,0.04026814547544601,0.9295651798756166,1,48.55085149914645,108.53092169903547
5,0,27.798053729920426,3,2,0.7740896237401187,0.031103560610485297,0.6141778070894238,1,39.825472504837364,66.81142337266851
17,0,9.321452735640076,3,0,0.9698837468116945,0.05325832254811681,0.6100549150095818,0,97.95174085004041,66.12310180347835
16,0,34.52033344585769,2,1,0.9732472660991188,0.05966458601807517,0.6005864835569503,0,87.70988202,104.19920604394687
15,1,17.599397075294156,3,1,0.982993033562245,0.06685973592874798,0.9612494481512516,0,39.07392261567421,104.35139710434126
15,2,21.056673769115804,2,2,0.8560691467309269,0.03314066535988251,0.9263330765508604,3,51.74025376248305,144.7096167427726
5,1,23.305898051674482,2,2,0.9031281354350933,0.09537886728126917,0.8874417161264744,0,47.35703161070192,59.66273947946053
14,1,27.950649621867548,5,0,0.933554764018499,0.025278264838642227,0.6963675571121137,2,23.418611080429052,154.73656006835353
2,0,30.06868254939037,4,0,0.7393043855951397,0.09690878572897711,0.7521903521493833,1,96.20373914319332,45.73504040576035
11,1,40.8447958307307,1,2,0.8802871584992491,0.011337051025675341,0.7321658723975764,0,46.38811880977829,86.8681862956067
19,1,24.22469906492446,2,1,0.7102893703909935,0.053301312263516115,0.6266990537796864,1,88.77961743741172,118.43115213125722
7,0,34.8014613622237,3,1,0.8492698250166177,0.040003105430490654,0.7525140230743834,1,27.042060491259857,106.09095176558006
6,1,57.30867233223567,2,1,0.7464528044860682,0.05042110725372258,0.5152482739263773,1,59.30837295734978,79.9604912776582
2,0,33.7735070276323,2,0,0.7548768777886253,0.061359812108271024,0.5659051867487296,1,12.156524661184283,64.2388048225562
6,0,28.195102110683663,0,1,0.8095142700077804,0.049203024221143817,0.9432947980844733,3,78.77984354580776,64.10561142827065
18,0,22.208483480717028,3,1,0.8297311500149509,0.04733621652714355,0.8758398835157116,1,62.282250842165055,133.06146983763247
2,0,28.056684545796717,2,2,0.8869517273596561,0.07594510738719759,0.7114342045295435,0,66.30306251227773,28.50306497491091
18,1,21.137796563905944,3,1,0.7223285255315547,0.07172886475778183,0.7585751811419386,1,14.654879429918811,169.70713946880957
15,0,32.68661426683772,2,2,0.8511075283712334,0.08499441538322632,0.6849994429799887,1,28.993449718775388,152.9734505123191
19,0,31.03544138639393,3,1,0.7547875390759303,0.0324963083115546,0.8703899335803362,2,16.689778511822215,166.9613707262832
2,1,8.377807790822068,2,0,0.8721925525095225,0.06485756587786573,0.8920935896160398,1,36.00228842234306,34.45678391486149
6,1,29.814419942339324,2,1,0.891221383678355,0.06266753068535685,0.8816425951015796,1,66.4695106913936,62.05968474957065
1,2,40.76146312640013,2,1,0.8670127769658561,0.043276402978541996,0.8613058624172247,3,60.956738588563766,109.66013520934229
15,1,26.0088814779725,3,2,0.9214886531434923,0.05374517877124129,0.6022521693463979,0,65.09348394520512,103.09864220384617
10,1,23.47103227588438,2,2,0.8006827732722703,0.03824039289751559,0.6689849896202393,0,59.43261442401049,89.82307606128323
19,2,16.222992268831476,1,2,0.9295319774899393,0.022765995785528667,0.7349227174918375,0,34.572591610827345,99.86771940582705
17,1,11.420079583755957,1,1,0.8298301245124581,0.029242108959645956,0.6653964957138279,0,32.005674760998275,82.81170789225264
5,1,38.31349267063254,3,1,0.845255349496779,0.019496228176108098,0.8774701000791645,1,22.335371518292312,86.63096250479722
4,1,28.185216704208038,0,0,0.8944306381783214,0.07147626176711118,0.6646767621249774,2,86.41637874131429,25.607144565099695
10,1,37.72021562003423,0,1,0.7055075151997672,0.06946546537982365,0.5691160433926685,1,65.483142268712,74.09148513919715
17,2,45.31323744579469,3,0,0.8961982664260745,0.09555457344218855,0.699520226024152,1,26.785991125365378,158.5529235348475
10,1,39.21247684910345,2,2,0.8855755447216346,0.07567105722825172,0.9899572163911902,1,25.948844183911557,117.5445017423284
17,1,24.57627678561204,2,2,0.7929541350259839,0.01468412548805183,0.612940706466788,3,88.5732041373523,145.9404073733717
5,2,31.448676646575553,0,2,0.7257382854698468,0.08958206565360588,0.8060793294716145,0,76.84577773869874,53.82427073013989
2,0,23.85227134843082,2,0,0.7272806349739123,0.08764076466511532,0.7164865249198531,2,69.34591719148342,62.61625589965975
6,2,22.917115373983368,1,1,0.9769671240955686,0.04989882886954289,0.5355122838246633,0,46.61776967853698,47.989318578356
2,0,33.428151624026235,2,2,0.9067837963677512,0.06272767454751295,0.7439383029990297,0,33.57780078506658,55.24241697062302
13,2,21.677061168818277,3,1,0.7381307841312221,0.0978470499225267,0.8510821643241562,1,98.15056868015414,97.9115093047926
11,2,7.90848380911299,1,1,0.8070169507926719,0.05790739274633497,0.7566099879139094,1,81.75156175205201,50.41345056043829
11,1,21.118521042726236,5,2,0.877744898170479,0.09147896455384809,0.9360530318732905,3,37.160130082264885,177.17402802972177
16,0,26.931188513126273,1,0,0.9506715115271946,0.01747348820291678,0.6444685083287913,0,86.28083166506453,46.305246529170574
11,1,45.21398497831922,2,1,0.7130982786139025,0.02719466818378146,0.5431245856519824,1,78.30387537532134,82.60200575293487
19,0,25.090625501286347,2,2,0.7709899394410026,0.04966794490971861,0.9682828058290031,1,36.73724948901985,159.4930608583229
15,2,35.119240910292746,1,1,0.9669246970886141,0.06262811275035743,0.6890981747641095,0,48.38975688174757,119.60691871099338
16,2,28.316917660379307,3,1,0.7027496650551449,0.08346050666765202,0.7882027757268166,1,26.735810085192398,160.16131070561408
11,0,42.26405143870384,1,1,0.7604197308381662,0.09894359036288682,0.8960015630650979,1,19.994719994029843,133.62678863722942
16,1,41.57096385463959,1,1,0.9877072527918898,0.04499663468267048,0.6621568319377903,1,75.04858295557271,102.8164329676841
8,1,41.7617510523992,1,1,0.8840205539566514,0.014267407252607644,0.8580822690888056,1,34.076067161847995,70.03235392421749
4,1,12.660164705826475,1,0,0.778501409991252,0.08210543529657924,0.5677094249089141,0,83.80534291716282,12.739910751027725
8,1,32.067240472449946,4,0,0.7200973283187543,0.06439426471745273,0.6456468736027526,2,99.60478403629835,98.18637495844888
4,2,37.58938600121948,0,2,0.7084574021341666,0.02786885729813815,0.5723553180682599,0,16.89578325366838,58.323768674434206
3,2,33.81538562589331,1,0,0.7734235238910782,0.054534561095927823,0.9056152792006789,1,52.57316125753302,47.02533726586646
3,2,36.365963258218294,1,0,0.9644457458766731,0.07680792209803519,0.6113246176133926,1,82.18563033797227,44.5853276663802
18,2,30.583510042854776,1,0,0.8247740962892528,0.07933706083617795,0.8587017777026051,1,81.00558068871102,101.34823181872494
19,2,22.55215793273473,1,1,0.9161000107497979,0.05496565707988859,0.9716491986228263,0,78.39974424978716,89.54837322235198
19,1,13.029026150137483,1,1,0.9754855106139873,0.03746930771159732,0.7638861045344385,0,41.40954417717198,88.73262393023494
5,1,23.544305713515246,0,2,0.8224121384808449,0.09763683238346442,0.7700145961303438,0,50.84679301165471,45.50101816746186
18,1,56.781098736383925,3,2,0.7573832113112191,0.06970263498608437,0.730516784048906,2,63.547152160732324,174.4093698310321
10,1,25.14348823909328,0,2,0.8551353792570758,0.04674137674116689,0.6629450716968214,3,97.65465252159315,73.99417086199205
6,2,10.406097739092562,3,1,0.9724251061179563,0.03524169017841872,0.7378275154624585,1,39.47925438446436,63.03015141379417
1,2,37.32649360729083,1,0,0.9413123242413102,0.07579926847032059,0.8014037661333797,0,93.0829498945172,4.458473953539435
5,2,38.55460008682645,6,0,0.7197489530089461,0.0317965101034391,0.9929957860853297,0,34.242122636244474,89.75716353649068
9,0,42.873243901521406,1,1,0.9077718400232746,0.02545389900763194,0.9688822796591121,1,99.0167018926334,57.34869533360686
12,1,34.7097850370678,2,2,0.8715692567376861,0.05768505000658633,0.9310764791465609,1,70.32373181448327,118.63323532879541
14,1,38.456015144669514,1,2,0.9722389529039277,0.03609886533797277,0.9445652678524292,1,51.71603323226959,113.59322537510388
2,2,48.40217134841991,1,2,0.7367444250550891,0.06660146304312536,0.7339245916460215,0,65.20513852572444,65.9891801045784
17,1,22.545265079378847,4,1,0.860210833961397,0.020614480738681017,0.8287221635887324,0,34.52780521361861,142.66074809268116
14,1,20.561492945762826,1,2,0.9638388080535677,0.06894469941105895,0.9475333614681071,1,34.675647176031994,120.98115185395811
13,2,19.05413460447071,2,2,0.8230071360225228,0.0354966875197932,0.6964753824956765,1,20.219908945914447,122.09120948046181
9,0,27.342304135060168,3,1,0.8445984753198601,0.010021864099106145,0.9808812391727344,0,20.26452679348589,86.9260370205655
15,0,44.33422419825168,0,0,0.7211382033000875,0.021424245190675876,0.7078930310345914,1,41.29045673220202,107.9853779365431
15,0,35.28068367746235,1,1,0.7834430921346732,0.09402538400515847,0.8005413326966078,2,78.65699301067345,116.51988996150394
11,2,34.88691952709218,1,1,0.7973519947506842,0.08806191752038221,0.854902356636186,0,64.71740508383462,63.23018802723404
16,1,11.806920713352763,1,1,0.983536734623466,0.031024812883261317,0.9752960065379692,1,19.232610429791873,114.08586783330256
17,2,23.06813172763581,3,1,0.7848002081623476,0.08005347140909422,0.622308137026133,2,86.70128724783198,127.08633067362392
4,2,11.64342367137963,1,0,0.8382606205808956,0.06477144338565768,0.8730654891193211,0,64.12308642910597,6.805383619115069
1,1,41.712457893215436,2,2,0.9013913270692839,0.09738142403048826,0.7604077930720411,2,96.47700191063018,64.66542544850344
8,0,45.85646492885733,3,1,0.7486550117223632,0.043624509358065326,0.6342785703103205,2,70.31669206700869,106.4016073336952
17,0,37.79566727240382,1,0,0.8459327161425623,0.07133145512654541,0.8883034198981953,1,25.76573773337629,117.68697294972202
3,2,20.13213954260455,2,2,0.9215617118427722,0.015718215018152674,0.7761111400869233,0,52.640502607704,37.361673859033516
15,0,44.820224936157906,3,2,0.9600565639081198,0.04566226121347654,0.8304869103248379,1,68.36478377924837,141.91040091504425
15,2,27.4674508997479,1,2,0.887877782398728,0.09674358950693625,0.6614505342889505,1,12.543823094497991,131.3013999976158
14,2,17.855407192473386,2,1,0.9007160545950843,0.058508278700510855,0.7406369759138025,0,11.341923773932711,123.95062763101085
14,1,20.35595745388308,3,1,0.7378850417753706,0.03590915530013602,0.8086771254940335,3,21.646270053871113,143.75346991334354
2,1,25.698433644081632,2,2,0.9837329491739042,0.020824386681574616,0.702455407134922,0,32.64979915409236,62.51695039184487
13,1,30.495785204847067,0,2,0.7397722232453446,0.07331755061633774,0.5991862699238506,0,48.6594211168608,82.61586911836388
14,2,28.386557883482062,3,2,0.9324018811545395,0.06803704390867542,0.9808202461576521,0,53.86964263838095,120.0365280837696
19,1,15.87331581828973,2,2,0.7794448965334956,0.04365448422433972,0.7557337700213087,2,22.42248480441071,143.75494360193824
7,0,42.133164091856415,2,2,0.9800779431103754,0.09558472166792509,0.8669601851438502,2,70.60524212042478,103.23361650110796
3,0,28.493940805631567,0,2,0.9159878618108439,0.011998253168906528,0.7055235967780291,2,63.652425552688136,41.977843817131756
15,2,22.86246143729349,1,0,0.9261441138935107,0.037335146646864326,0.6775658820128582,0,36.501768895704416,84.54213776859315
14,2,41.10302361982764,0,2,0.765717751917965,0.09289625376696233,0.7035821492335625,0,11.229389509176281,120.5304662796519
11,1,18.16593811733469,1,1,0.8329119929905482,0.03888418944874964,0.7045983218928249,4,16.988312381796167,128.3283337227731
15,2,13.711098164254853,1,1,0.8853439583767859,0.032702755046965334,0.7720900579709769,1,45.25252979597555,107.65827213441439
13,2,42.72487446598739,2,1,0.9309920854619802,0.05807983689381226,0.7717349349906816,2,23.85769160491155,149.72913026976192
18,0,48.91387849550339,3,2,0.7311878127737168,0.08414215749284841,0.7485769079414358,2,43.91376455331738,204.7750347915386
6,0,25.379039813486017,3,1,0.9887095949363585,0.019283208479052495,0.567392892458719,3,66.53643440593197,82.39178403662667
3,1,29.54029992082855,2,0,0.9670662011663669,0.09487186386811626,0.7480377392502655,0,59.25136850913552,33.27595941267095
19,2,18.533352854790966,2,2,0.7811045771486753,0.08155655930630476,0.5845519502103258,1,30.805829482365482,162.94534590858171
15,2,30.05492550243393,4,1,0.9468280729096996,0.026312522999639675,0.5630678931478825,1,40.94402421328772,121.1726649621846
5,0,25.24294736268803,1,0,0.855497176911947,0.07408071650783464,0.9663228586705839,2,65.26280786037856,45.86510299112457
10,2,28.978715599650005,3,0,0.8385419444686055,0.04464628503738015,0.8024750065738522,0,87.47695252391038,74.99756410199119
7,0,34.09258387597242,3,1,0.7943302317434215,0.04620652102686869,0.8297450290622921,1,77.78920948649895,63.652782868300164
17,1,19.018545219691532,4,0,0.8742905759894777,0.08049610831949798,0.7008968351666819,0,59.80600241500734,99.34190964066758
7,0,26.381886607674325,2,1,0.9189667353110793,0.0966506327182659,0.9544904459574322,1,42.60636984848376,104.07431164771955
12,2,11.962185782218217,4,0,0.8232798714888274,0.021399028556247455,0.8189652447898328,1,42.85461497876249,89.57019489744289
17,1,26.45012715886712,3,2,0.8887657579024876,0.04785672131909375,0.8845849347617938,0,89.14755792379565,109.30022533234091
13,0,29.065659290830006,2,2,0.9097938763465911,0.053284744727587326,0.6842812345138569,1,13.531921843649176,129.11273973277864
4,0,32.28982425061078,3,2,0.9133365451045857,0.04386806352594979,0.9800059404095627,0,98.91843799782349,10.6132865617708
10,1,32.39576540363209,2,2,0.715589829439354,0.04268702113446026,0.9102306450791575,1,69.7937869766406,91.85400140164552
3,1,39.03922750736856,2,2,0.9579243417055201,0.014704180080543689,0.9269742315072718,1,71.30239291651515,58.26246107648487
9,0,14.603334807266801,4,1,0.8374759944295144,0.0716984758506361,0.5860971337128771,0,13.419805357426794,102.79481133352861
13,2,15.13722970049706,4,2,0.7787248245088643,0.04925929754080409,0.6354816039356097,0,64.4976347402145,113.25738907779382
18,0,35.2895793639252,1,2,0.7725293522439044,0.02753144223795341,0.6428132998417886,1,53.63002540814023,121.73994543946262
15,1,9.61038722994584,1,2,0.8449042338531851,0.08344301520718615,0.6354546116234356,1,19.52010162046603,126.92745865200628
4,0,31.83300212104993,0,2,0.9660494618406877,0.08223046733364651,0.927704081052144,1,35.01298096924232,54.613357409750776
15,1,18.197070604101064,3,0,0.813504274504794,0.05377524652800045,0.515942397604296,1,90.1283010592286,77.00133478587739
2,1,45.72814640917181,1,2,0.924917724035063,0.03686055950329845,0.5380499944903872,0,59.498957427935764,24.03391203243877
15,2,32.50452407727777,6,2,0.7290456192961655,0.06742834532168072,0.6369574353149519,0,47.20749176565179,146.77918498797462
8,1,27.808439802869383,1,1,0.8428170106453186,0.03593369221996628,0.5999364873247218,0,16.541394025672986,79.2018046380556
8,1,42.277208771391784,1,0,0.9975058421178207,0.031240713729134083,0.6159298069414242,0,74.2709374662075,25.766027552425896
17,2,19.365979934290493,3,1,0.9311313408377011,0.0757463188623694,0.89897159462665,1,73.25657410564293,128.32329501383703
12,1,21.265903659121918,3,2,0.7631585465321838,0.013629271574885565,0.7815632969460234,2,65.26392462753071,112.43670843270947
19,2,17.38545166344891,0,1,0.8504324421093732,0.018529162393113457,0.502885330646484,1,55.92363815985843,98.64032279793072
10,2,21.34960773651007,2,1,0.77008742909457,0.01061093566212308,0.7146613828520976,1,49.04059619866354,96.63319065522329
9,1,30.611156093673877,1,2,0.8228682781787527,0.023764886782788354,0.7039424634251794,0,63.394398368919305,54.334603518710765
5,1,34.939518719937205,3,0,0.9340252071204894,0.016209100783941353,0.5569726347222718,0,31.005590655556603,65.58193235582495
6,0,39.61421685367543,1,0,0.9313674445871211,0.09962221310019267,0.8380708943007286,1,94.71331577598829,47.71200999145927
2,2,11.75275953099261,3,1,0.7684301133707155,0.03599289729586807,0.8510485941897455,2,62.99150762622066,58.02463070063406
13,0,28.281370135367084,5,2,0.976666995446458,0.02343412114023226,0.8604466095260488,0,38.00731999189389,147.65818455153715
6,1,18.91835468809198,0,1,0.877770454829448,0.03168966321963262,0.864235472779296,1,50.471186579664156,26.18208033305973
5,0,27.94712908511899,1,1,0.8139772872886043,0.09425130143861213,0.5000264134661484,0,82.51163099892031,42.56413197268901
1,2,53.3416358012704,2,1,0.8505806742342582,0.05681442007219562,0.9769604019233611,2,24.54544546572677,107.1316053081935
6,0,32.91861762000015,1,2,0.8815213760313231,0.042833628667707124,0.9071043835273316,0,36.355206021423434,55.555174420104166
6,2,38.99464971148246,5,2,0.8679671595537356,0.08860523121182974,0.9519908482946426,1,71.15572204628998,134.88867375810548
16,1,49.60691272161047,1,0,0.8459215106608534,0.045549124349412926,0.5078216476537171,1,38.39402858340015,106.26138259959819
4,1,41.273582431747585,3,2,0.8514798412268201,0.04015077129619263,0.9669293978928697,3,81.32515136753193,97.87461630648646
11,2,25.520855203130154,2,1,0.7529235731283658,0.028655427029476203,0.9048942643440523,0,21.740813845962474,83.37322325491249
9,1,17.241679134300618,2,1,0.9438198712914038,0.04400171415184704,0.9186095714793493,1,78.64175534091477,65.86612226207383
3,1,29.69855730479149,0,0,0.8625280959823046,0.03850159204152335,0.5466436923609843,0,16.151654336550962,17.37528369123239
19,1,24.322942157813145,2,2,0.7393239585114109,0.0709573563368327,0.8693890144592988,1,11.13333514007453,171.5824298364392
8,1,14.754787133808257,2,1,0.9298471304748334,0.03606244342036544,0.9799583448210455,0,90.84011669489459,30.97462003452856
5,2,32.409249972894685,4,0,0.9797331935132052,0.061947977178030536,0.8392736707090803,0,62.32052952390688,60.482716720816114
4,0,32.65886298059333,0,0,0.9841920697710886,0.015930294852877544,0.7852807023123032,2,41.66442073781303,48.965815669553415
6,0,47.69116700263287,3,1,0.8107053197233518,0.027216024102686295,0.9728148388744985,0,30.933517326746536,84.01157583641859
2,1,26.382369311631862,3,1,0.7406550620682262,0.046666474445021394,0.721468560867218,0,65.51972049347344,27.751628906555887
11,0,32.801213889694495,3,2,0.8555198879899195,0.09432543285178259,0.7996467831552394,1,55.81019651830644,148.50146582475222
4,0,23.345145853097847,2,0,0.7337827688047661,0.043952678714412594,0.7381691467471831,1,99.24379979769867,19.20277849410217
15,1,38.731694306934656,0,1,0.9801962255537852,0.06976667090798508,0.9664231106801495,1,98.48943879883711,61.645339800571534
6,1,28.753822038098704,2,0,0.7550738882065438,0.03295785001792584,0.5380423633827536,1,67.15221095274487,44.80039640340896
17,0,18.274083911472573,2,2,0.7758297579853491,0.021433021837590858,0.750559850412674,0,49.85834554953015,90.79181548179827
6,2,29.865281783348422,1,1,0.8219909580654912,0.015268294007204513,0.8434762206927191,2,54.202687222119586,81.41398738169694
19,1,33.90522897565001,0,2,0.8149493405677377,0.037487214868847624,0.8959532692111185,2,71.42311596131758,134.9952341118808
2,2,32.552733874135626,0,0,0.9383988677193666,0.02418949241172172,0.7915093237220682,0,19.141708981184323,28.86045634435334
15,0,40.45896715495869,1,2,0.8368950461652886,0.02566094032145118,0.954458872060727,1,39.55168664296464,118.92106386158248
11,1,15.519436279593105,0,2,0.7512304780010011,0.0784683377548255,0.9709957234419359,0,16.774501690324346,81.67181948642367
8,2,21.572574099850584,2,0,0.7801629686458222,0.01142542638503868,0.5321596115967917,1,16.60246835652276,77.18661686240803
19,1,36.39787331795537,1,2,0.8527340155562566,0.06020291131618911,0.7011852697706872,0,27.625531770481036,137.08898503804727
13,0,22.747310220389288,3,0,0.7442361752278405,0.04415152425341184,0.5117295108605773,2,53.67279291339042,122.75420350627473
12,2,32.40471249330207,1,1,0.8834967026938042,0.05558949999176926,0.6647083286872215,2,80.62968890465103,100.73531224134516
5,0,5.802547525882375,1,0,0.8697241919653438,0.06065472134931427,0.7684341089853011,2,53.69463020492853,48.67978451688869
6,0,57.15946572312882,6,0,0.9144106949146773,0.03820309250115504,0.9553974652549744,2,40.192894950478276,147.62229850973318
4,1,27.30281468442664,3,1,0.9813113846138103,0.03655979741658568,0.9232771612327014,2,17.411769130308233,107.0527406371071
19,2,41.93956259988278,1,0,0.9736763683303467,0.07600616644014152,0.5637498633359929,1,59.526597086481665,132.90755678017723
1,0,26.63102174416509,1,1,0.9838226854206493,0.08841492893090415,0.5465151873704479,0,34.41417278348591,32.064865307109734
17,0,34.146985287308866,4,1,0.7734146791071103,0.027332346921267514,0.7946336693783336,0,65.34407601254327,134.888857792645
12,2,44.91919646345272,3,0,0.7394695919918064,0.018785688448163407,0.7660589862293914,0,97.94689652191765,71.40766746940392
15,0,41.65806019208385,0,2,0.7906830101489345,0.09080162257528233,0.6331888207150119,0,20.018288932979516,111.17205276546011
1,0,27.955450203147755,0,2,0.9685255518298943,0.041490591728265885,0.9497265422769177,3,29.091285884974592,56.484920875432984
14,2,28.647456746063074,3,1,0.9916160423870465,0.05961856515965328,0.9636832047307767,2,52.57850842894373,141.2587146406171
6,2,40.035665601832854,3,2,0.9577974853211428,0.04235888300680032,0.7013057191700813,0,97.17524338113365,39.829861027006075
5,2,53.33244404285301,4,2,0.733005316338263,0.021322210271144622,0.9451512785567602,2,79.46287986429961,119.72160221864712
11,2,31.922826743990413,2,0,0.9842283994179379,0.06303984804529553,0.6919744471314864,1,90.84062738465471,73.48521395561168
4,1,49.57063640541641,1,1,0.8270074082052358,0.057262676659266674,0.8684084159148501,0,40.034336362821364,72.84539243620043
13,2,27.585855895797938,4,1,0.702793087228706,0.02826942032720775,0.7379711087738621,1,99.28346264007351,96.20957148301004
11,1,39.51960363509802,2,0,0.8327181222244581,0.05066821401870501,0.5612915782535914,0,19.254953445774166,95.92463631629683
3,1,41.011557622472864,1,2,0.7138207509026402,0.08172527536140813,0.9639671006185108,3,14.767561544149075,133.42787551801436
1,1,25.900394961472266,2,1,0.8631633763483353,0.06313834927971022,0.7270482966887684,0,87.00423643486253,27.23034292201356
6,0,22.529219206983583,2,2,0.8015662082311154,0.01872255943602954,0.8672435201612019,1,93.45383831862875,38.1460684326275
18,1,41.453891885473524,2,1,0.8420304800782146,0.05932193475062216,0.6835869072156461,1,18.15268217914916,161.39705735096115
10,1,24.684430627569434,1,1,0.8839511082229351,0.07324644693606282,0.5094404392881173,4,20.208468407125736,143.63329081239195
5,0,21.056500873245973,0,1,0.960640328745346,0.08134330652026762,0.5502651793459179,2,12.985674198019643,77.54687381971239
10,0,23.16040498200903,3,1,0.8985704729415785,0.06662058207708402,0.7481097397449622,2,19.40568063784517,124.53731194807335
12,0,24.643866615745882,4,2,0.8302146605434542,0.023739234808670538,0.8449821785631813,1,28.84778351202528,142.00844669719086
2,2,38.56617104625678,6,2,0.9458283561011095,0.07391559399311447,0.6673676632896395,2,97.30689570190009,84.50794713275772
13,0,35.15042673276188,4,2,0.9716746412719397,0.07096076614733648,0.8477442295888251,0,70.10742000157124,109.39594327815215
8,0,37.15658244757891,2,2,0.7359279899296591,0.01219841946465699,0.849317794715978,0,80.06977229666879,62.685353589524254
2,1,34.213798110980825,1,0,0.8595798932658374,0.04705729008312189,0.8519679536639154,1,79.852546332237,29.05261722277855
1,0,24.061598377533613,4,1,0.7853535879227332,0.0399655222266136,0.7462609270102543,3,58.15663748012932,98.95467037105995
5,2,36.971028559082725,2,1,0.7141183593630842,0.07024708578282791,0.957443075060752,3,81.77400799417154,111.09866735198318
9,0,41.82453826605304,3,1,0.9005640085341956,0.029452223107982865,0.7445982589903077,2,63.62267791509727,104.6288259250567
17,2,35.84503216119309,2,0,0.9588312332377676,0.06317847306768327,0.7251325967483191,1,38.30914878430218,147.7802944948773
9,0,34.496559066258506,3,2,0.7488707963432182,0.09218853656327551,0.5996904095053135,1,60.499909789156064,102.4646895824875
11,0,22.329454934293235,0,1,0.9437240972871701,0.0818022134987747,0.6538275436781682,0,58.01577275210621,62.88113250273674
15,0,32.11817078974478,2,2,0.9560187200610825,0.09293119625948774,0.5211672462591517,0,84.11077483833886,114.37957681758544
6,0,21.797586705512984,2,2,0.974302132799945,0.0980655370239421,0.8167676468080851,0,98.35544956434931,51.07099157403962
3,2,29.759721419193962,2,0,0.7795855267258157,0.01096031143055465,0.6242678719635464,3,46.993830887883746,78.96306025395751
17,2,13.59733360774684,3,0,0.9711859195569668,0.06604671487397298,0.6520776272427325,2,78.70516105972237,118.20974424021217
5,1,13.674415970079068,2,2,0.7961988264209297,0.047155545798301585,0.8854072608321606,2,18.978670363432016,78.7546753496534
12,2,28.0895231005297,2,1,0.8657014040366509,0.08738690413016097,0.6636105915807269,2,79.91482325034598,114.09184071233781
18,0,24.5156032817301,3,1,0.7151522412496846,0.03266332318082186,0.6210979460065711,0,43.42752207939089,110.94495268520271
14,1,31.067871934741735,5,0,0.713164326510623,0.09829265402035686,0.5845288745668529,0,13.5451146600718,143.22186885201185
11,1,28.65231420884881,3,0,0.9161119638196609,0.06523371725893726,0.8874292010909779,0,42.69215607059595,79.49225310853642
9,1,30.301907872101552,0,0,0.8333439933933373,0.08141836620059478,0.5648531289950134,1,64.95784758294803,54.29429758385299
2,0,36.0860744235674,2,0,0.7768877126107653,0.01770395975404915,0.7268768801251768,0,20.73251509133199,42.04096058791405
12,2,25.367310443391677,3,0,0.7571240488074731,0.02651120962829786,0.7534650580385972,1,93.16310431872292,83.63592342082782
3,0,27.80556188355137,2,0,0.9009860472577654,0.07825633057307829,0.8436949563428573,0,16.990517194555473,47.12522937562693
3,1,44.55021222763164,3,0,0.7001204632076019,0.011978786983539125,0.8166417411664977,0,93.70060478498496,42.40918651545243
1,0,30.03084126825027,2,1,0.9417673507590563,0.08351901873044046,0.9053603364725874,1,73.64237661421178,37.232771550282344
8,0,28.207895253746113,0,0,0.7237748818389786,0.01125541168227203,0.5223757169631191,0,39.674095787278326,26.80663441208232
8,2,30.825126993231894,2,0,0.7574468844724358,0.0691406955155146,0.6482203623896986,0,45.16753129381839,74.20422293288246
11,2,28.386356269904695,1,1,0.8158709185897268,0.042858452820862536,0.6400670593876898,2,76.67284282594697,109.38300060586792
9,1,22.904277070467753,2,1,0.8454576219148311,0.06503453674472792,0.5730084527960542,1,64.13239907930867,80.29065031508844
5,0,20.019701628202796,2,2,0.8064985347441825,0.07264282662902023,0.6445891269282216,1,70.44786293094506,54.718581209699806
14,0,22.365686598499952,4,0,0.7962136494952882,0.040822769726767384,0.6548826570714517,2,45.0248154862132,117.58487018652565
3,2,38.72919186770787,0,0,0.9891748036219565,0.0197166203299752,0.7609422309637391,3,53.90321336268391,58.084989444369455
5,0,23.700947452815875,2,0,0.8924739043730183,0.01626812809734391,0.831852239463128,0,99.0880735634104,8.824967879142093
5,0,28.450753981637234,0,0,0.7070298866102164,0.0630042420306293,0.690550256805907,1,29.253058344974594,48.24291782863559
19,0,37.00736285132898,0,2,0.8290527725332939,0.05685898183607004,0.8597351156566906,4,47.607056786991826,159.81713734695893
14,2,27.216088291890216,1,1,0.962502609923191,0.07679809082090193,0.66808266928979,2,36.26408688165706,119.5894006176842
4,1,36.33361314843653,2,1,0.7904368559232003,0.05587619590035435,0.6451418386573802,1,78.86003593958648,69.70989392869947
13,1,14.592069575691331,0,0,0.7283669034323165,0.048020121102779124,0.7705940279285122,2,78.76113630991486,85.83453591823783
10,0,28.674833204581034,1,0,0.9275154314769753,0.045827846041260785,0.5118581801528953,2,36.32009148976563,80.62355514667185
18,1,30.788960965985087,4,0,0.8818041495808244,0.012380221233790073,0.5398945618170001,0,17.32512849696846,144.85529014597557
8,2,30.231387230981678,3,2,0.8710937523479512,0.04020014815269915,0.7089847717932636,1,11.028940900498364,108.17494424476133
8,2,13.47081302161116,4,2,0.7160729678822223,0.09784181417720449,0.9714563556958782,3,48.47054799182369,158.60309356469006
7,1,42.031126464308045,2,1,0.7421497029386551,0.088620001860438,0.8607558899217118,1,46.93038349021938,102.3791213379673
8,1,21.453270550285833,2,0,0.8867648188639341,0.039644026033079593,0.5440632847502789,0,98.95508907758766,34.727501994939644
14,0,33.350371252624676,2,0,0.7623471524376507,0.0629015864559735,0.9231590063904369,1,52.28218681279117,93.10691641744395
19,1,30.079642826473304,1,0,0.8512210239245273,0.08625670709819445,0.8661503853040905,0,33.07765326178786,129.45738267311467
6,0,40.03709523810677,1,0,0.863464505808818,0.049714690307506186,0.8054732628513266,2,90.21064969283206,55.96504475535985
1,0,51.87488829374206,1,2,0.7850521570812818,0.011616207737513587,0.9101464803045887,2,54.196115468822065,75.82451385680484
15,2,17.09635515457164,1,1,0.9845275466624479,0.016705941563677607,0.7020549238714786,0,63.925807168952005,78.12993529061819
1,2,23.51086118727501,3,1,0.9527392320506725,0.0559353449213836,0.6107505254269263,0,18.61018393853914,55.17973242197662
17,2,31.89092493839052,2,2,0.9167120522898395,0.09724954381082905,0.7560116945543797,2,44.462476659679666,159.4369665027175
1,2,18.946466824472083,2,0,0.7233981599228226,0.0723888587996981,0.774420877796737,0,94.9801307026408,12.669245513909267
15,1,37.8218260795576,2,1,0.7318390057927058,0.016382457229471258,0.769163186004956,5,63.055484575788284,172.92119039978047
2,2,38.43372622157059,0,1,0.8478344037594867,0.027042478821267653,0.7825368957400527,1,41.00516696282155,34.228650815553486
14,1,35.594490759950375,1,2,0.7482140047572957,0.0794190828895165,0.9743524591195905,1,66.31004625684338,106.83340332067586
8,2,32.36581750876197,4,0,0.9934796390588423,0.08572957839606203,0.9511228115481156,0,91.93699806203045,56.03781620329102
8,1,43.69708777969781,2,1,0.7475560702082228,0.06559251275697318,0.9378585182794696,2,34.6591540425331,118.19543090032703
19,0,18.44374518331138,4,0,0.8462403506391922,0.0679980852666835,0.9007084054543135,1,55.4605046623607,151.93214156039988
7,1,30.652681953425535,4,1,0.8092363170524516,0.01255037053450462,0.9717140536326427,1,96.28215885205798,72.25842432867883
19,1,22.611971312697783,2,2,0.8918159264362293,0.08456772336233577,0.5492473208397016,0,25.51565289686074,135.50527825295765
6,2,38.899163325651685,1,0,0.7387109226668275,0.08094476873537466,0.6325616307228697,1,74.76975330370404,69.25824172999145
6,1,11.666588354935673,3,2,0.8290949284127173,0.03331316296930125,0.7475279728272924,2,65.3032907382684,71.4178169058047
3,0,29.7191613440702,3,1,0.782411509842143,0.07378090479689563,0.9232672465617027,0,71.17076180265713,47.63753965228528
7,0,33.35238687069948,1,2,0.9663254574015064,0.02933691457824983,0.7525828557613663,2,41.60976676008127,85.64225900297457
19,2,20.525078650262255,1,2,0.7121757136404084,0.01362971449463617,0.8740173696707944,1,38.24914361353885,140.5613649528093
8,0,23.738099677784334,4,2,0.9741182482019377,0.028102288833133954,0.569479952624458,0,71.57887035295334,52.12269328013949
10,1,30.15378981372106,1,1,0.9498982415659001,0.02607659890788696,0.62620690648828,1,29.39889565940908,77.14861676529138
15,0,39.55096379441476,4,0,0.7892712149322446,0.040397319706136255,0.8658880475188362,5,47.76892703731046,180.59499494866432
15,2,19.671307714129462,0,2,0.9367871964031314,0.04766045474579123,0.582367004443862,3,26.93571814476262,135.1285029374761
1,1,21.41550059625314,3,0,0.7093640681016242,0.05576850023479372,0.6756779673274633,3,10.747435701099677,109.24480008632294
7,2,41.25587771040344,3,1,0.990059665088018,0.05290784879574954,0.6324331289067857,2,97.30516240342625,83.13749035871817
4,1,27.27024600080165,3,0,0.8579784827769368,0.034360714536876044,0.6749308471112392,1,48.853268079077715,55.394743407872355
6,0,22.224609601550224,2,2,0.7909843078196336,0.012625360171666702,0.8541620245389852,2,97.24146529778427,65.41488134844195
1,2,37.286847972169156,1,2,0.8087749637784031,0.06445914600134357,0.6839235905714005,0,22.629116779104347,66.38813422200802
5,2,25.11803002767753,0,2,0.7199216060381491,0.0456170346862619,0.7776316613039701,1,62.86301015117375,48.72323638078841
1,1,40.27421535338774,2,2,0.9968048542126118,0.03688049416487948,0.5499659385272049,0,28.087662951211563,58.86241860454463
4,2,23.36279623020288,2,2,0.7117875835452077,0.08802469385474611,0.9025088466173139,1,81.10667142669473,52.95661373501906
2,1,28.40405438175004,2,2,0.8964721369443577,0.07720689770183438,0.6849443128240624,2,80.53326898848778,76.2278436544825
10,1,39.449716653887315,3,1,0.8328207783119375,0.08719889935351981,0.8242670795166712,1,20.13464341353806,155.35701549630988
5,1,27.737391288262486,3,1,0.9846748654566145,0.054548451524121494,0.8626948008309163,4,92.08580075887502,104.47692196539904
10,1,37.56053322078647,1,1,0.7737999220920385,0.021783812691409974,0.6048304610558501,0,27.516668248290216,59.16618402394409
1,0,29.34452393218995,2,0,0.8596260471814033,0.07265992925091452,0.942337492476675,1,65.16796074304243,30.187500996621143
6,1,49.81691806400029,1,0,0.8447068625748259,0.028546640194345774,0.8081121258034765,2,98.70702580789336,64.90836255774722
13,2,45.68778604102849,2,1,0.9108599332150304,0.04971067021825452,0.7143625708757407,1,89.41568812897275,98.067390743029
15,0,16.71903737566252,0,0,0.7204030695857261,0.015850071005399965,0.5911675917891097,1,96.09075357050521,61.54313220145673
4,2,35.2224368124801,1,0,0.7581367390070064,0.08427775621806842,0.9711504689506034,1,40.83388940963075,74.10459760460573
13,0,21.835960138989584,1,2,0.764369446027855,0.021334657694275054,0.8775341020658125,0,19.501807799751703,85.65292463848226
15,1,31.915069387927307,2,2,0.9214452264525069,0.09127877563443787,0.6040122813666244,1,26.95121859605051,144.03804316879953
8,0,30.68370629310261,1,0,0.756741608898022,0.08778075420354015,0.6688553873621123,2,55.04454055689524,75.85852431128806
5,0,19.446129829075126,1,0,0.872047529167293,0.05181244879953215,0.9048371290440367,2,81.39067104459899,38.195955765749055
15,2,40.58484543530325,2,1,0.764573146150286,0.07699313838735916,0.8478388316076695,1,23.513827976548768,145.05490536297017
4,2,32.03302943569075,4,0,0.9584874850251935,0.0657500566436338,0.8828921463578622,1,69.37583790346814,84.72952139823471
12,1,27.153169643274165,0,2,0.9826556363468916,0.08227680781039703,0.7206005511064661,1,39.12198436355607,117.88871734514456
13,0,25.618901757564053,1,0,0.855547892482672,0.04886245907073209,0.8582381313210834,1,40.70818651529382,75.35658383110845
2,0,31.397769697662355,4,1,0.8056926652627534,0.0807227635819915,0.6932468614319569,2,69.57259571421338,63.67642934152454
19,0,34.07925017514285,2,2,0.7702173325052497,0.05162111353586332,0.6056314584690983,0,52.02994775798982,127.56162976742597
19,1,28.750242136417338,1,2,0.7149343004569131,0.09468692090585144,0.81633851742068,1,83.08299637233945,114.44394484607476
4,1,1.6748042922379156,1,2,0.7805500228592486,0.05377348907426329,0.988006962799397,1,24.032665869654437,54.83337959573515
4,1,30.168907162424837,3,2,0.8962707339835954,0.05163573447403567,0.6553004856976647,1,81.09534427903347,70.72095082919896
11,1,15.585179383902226,1,0,0.8600850793927632,0.08065646754071615,0.7304847961062698,0,15.781172325167878,92.2924466063442
5,1,27.905474343509244,3,1,0.9832123834842783,0.08394199225847541,0.8370006855349268,0,27.464849222104448,79.42605671719691
11,2,15.954357429303583,3,0,0.8188831787475102,0.059904020288905374,0.7707531410612439,2,69.05347430528488,99.07436215362546
10,0,15.835023649205326,2,0,0.9081590026985183,0.026181803214556786,0.9217138978545246,2,86.9433090859964,43.859406982412395
8,0,42.35121821948528,2,2,0.8467968242425363,0.052098240786182165,0.880871353234758,1,32.74116649654141,107.30292531743927
6,0,26.799080190556097,4,1,0.8537728647772634,0.09712652526187106,0.5291486019311785,1,39.44724452460217,101.01155106791677
6,0,26.033378401780823,1,2,0.7803322943812352,0.07776875737352666,0.9992106169618871,0,58.34086734580659,59.98662771342453
8,0,34.825240488285914,1,0,0.8364852330525999,0.0830046343491219,0.8762012268597337,0,29.04155258403721,63.13536710696946
15,0,26.294094769275482,2,0,0.8412354991038121,0.012954294893731611,0.9319516581470566,0,83.00406354287551,63.40448030347057
14,0,51.038060921274095,1,2,0.9119927565246801,0.052107351637074396,0.8255988560476732,1,79.62729805051848,94.02318320402087
11,0,27.269802392739805,3,0,0.9821919997558342,0.06819590202918,0.9281425640233811,3,23.076254076920343,118.78526772979738
12,2,33.65125411983011,3,0,0.7987963832447512,0.08470294152652673,0.5561914874643548,1,51.74467586349689,106.37788699627296
13,0,39.70941331376861,4,2,0.7126601405743895,0.014434628822449433,0.6738689177796577,0,79.73449899891592,89.22169730426612
8,2,46.0225322560691,1,0,0.8488885376501919,0.08671949970776859,0.9382104718022464,0,40.35965779930733,83.87713282237559
18,1,22.5799386434236,1,1,0.8633383996447506,0.05935608430677206,0.6008276056334461,1,66.97961404459585,103.80387303929936
1,0,25.820364961613553,1,2,0.7505321653395746,0.027758257351845395,0.5391210492900114,0,14.519180931181545,31.868306760849862
15,1,42.74591875293515,1,1,0.92813938188282,0.038552969480473,0.8940594699726094,0,64.78198844763861,83.26189233499579
8,1,38.10062304052691,2,0,0.9954787325324475,0.03537365965764047,0.9177430778216481,0,23.73876820005463,43.7925619107222
11,1,40.75175935668459,0,0,0.9837324151025383,0.05777731308596283,0.5813261090949503,3,84.75249926030062,104.83968853057425
12,2,16.312954564403316,1,2,0.7591318116470956,0.014651711192001864,0.9271729913913578,0,41.990451722243066,67.21752249922255
12,1,45.47999753924019,2,0,0.9626089719702282,0.02426825426499312,0.8433838977985848,1,35.33984764553762,104.93841610610701
4,1,22.38592456715195,4,2,0.9113480909235054,0.08314237390382043,0.760041341608292,1,85.68000790403364,57.00165774397197
16,1,31.922929781418958,0,2,0.8361539691420734,0.021934359167212997,0.9151250963906925,1,14.51296207646292,134.98595944303673
4,0,28.517771224082296,0,2,0.8621832982974187,0.031005664251231427,0.7096246246594828,1,45.69479194009103,45.03557426116735
5,0,21.2151716345193,1,2,0.9548800524947374,0.05080335450437416,0.5969969781116986,1,43.300318651752825,46.897370804954015
5,2,15.87464236578997,1,2,0.8440404818915119,0.056540879930199746,0.6424263383053068,2,35.63203368245958,75.5281779926141
8,2,12.561518833671023,4,1,0.8119622107315381,0.07872494316527429,0.7525820091466574,0,92.05788988013293,79.32846983971642
10,0,31.190184060539746,2,2,0.8479742479077957,0.05025991839995691,0.7656653963365878,1,77.583555416505,83.64849711389468
17,2,14.746809097665443,2,1,0.8737389412105148,0.0810878158931985,0.9027904132206168,1,15.75308477727449,141.0686771735304
9,0,18.66184404913117,2,0,0.7567232961335046,0.06565116763409118,0.8956763618261672,1,74.32187044914586,53.51590365209683
19,1,27.8196412180178,5,2,0.9702723190800973,0.020178976548144024,0.7906832786022875,1,57.45692198159146,142.53725563574065
14,1,3.6119149974010014,3,0,0.9022560846488841,0.024069829455355476,0.8903927416827382,0,91.07811049614213,52.64207614561162
8,2,37.789797120440014,4,2,0.8899806752012467,0.04933303529047938,0.5958867291468355,0,38.16510556135226,111.2382234261677
9,0,5.901118328931922,3,1,0.7298488678541915,0.045720045378013566,0.5250322635466471,1,61.67457996486246,80.62673915088307
11,0,29.22627608667227,0,1,0.8812521814517775,0.07691898426735652,0.9368169113173501,1,55.06797472668874,55.615356675971455
1,2,30.150192265942895,3,1,0.7362881986715477,0.062266342581761676,0.5377772468813848,0,54.06048156048452,35.86867228025423
14,0,35.38061720181809,2,0,0.7236093025586197,0.04493197729020244,0.6233442148719986,1,51.049485956549134,101.47330300345948
5,1,29.583191976101062,3,2,0.858193268692718,0.025368425510534708,0.8476594748121923,4,28.506652797905314,136.0695142229463
14,2,50.17907963833238,3,0,0.8208356602139485,0.030415339209294567,0.7047239688136546,0,78.01389302431535,100.99012667131318
4,2,32.163168815685005,1,1,0.876643081046867,0.061795091662215314,0.9381569849577545,2,50.62024294653598,74.53493931357508
1,0,40.5361239924366,1,0,0.7267666504171716,0.04810949244098133,0.6489898973311348,0,96.26646475023452,3.6551120630333784
19,2,22.765371911297123,4,1,0.8292949188541775,0.05634347579746049,0.5059356733346796,0,33.47275844734987,139.17326936665768
8,0,31.207568061894676,0,1,0.7524360145135474,0.025360969177201032,0.6503278202803721,1,71.4469455664337,55.81009219604807
15,0,45.475700950289266,2,1,0.996130025777235,0.06966156271101093,0.7890375245924158,1,94.66453716751975,110.70482881686317
15,0,27.623048753103593,3,2,0.8683450637305523,0.08672848667703703,0.6879691877016467,1,69.71124907144832,123.52704138788745
9,0,31.92234764195231,1,2,0.9062310582822601,0.03321455561082105,0.7674363778793776,1,88.41456168556552,75.99745816922226
9,0,39.80853449137475,0,1,0.7976254842047823,0.0542362803248644,0.9382990594175094,2,84.47328637813055,89.57548361596952
10,2,22.577704798083655,3,0,0.7284216744338032,0.09779745961188116,0.9562425271151842,1,42.410594394010346,119.82681884402149
9,1,8.384396666808065,2,0,0.992761258835061,0.03999175664956549,0.6329870323270561,0,64.01115459455468,5.723394742319513
3,1,32.55573653712369,1,2,0.7858777106149549,0.06355417104313851,0.7310702366349504,1,24.063520583022004,89.64412175477592
11,2,39.886691693580026,2,1,0.8271424555520722,0.018117613018021995,0.7745720076207256,1,58.19732944260396,107.03552341181015
6,2,16.485542351080287,1,0,0.8949591765107725,0.06454135022314988,0.9745562284441236,1,30.73797746329035,81.68906786831595
2,1,36.70219897277339,0,1,0.7074091893058333,0.018066859597415615,0.9993086595821923,0,76.93631334572011,20.727905832718037
7,1,36.76966387339537,2,0,0.9430777391551861,0.09633118917914399,0.6177036244207633,2,57.525257970291214,109.78284093663473
18,1,7.265037408846958,0,2,0.8609734570085861,0.07440963868650803,0.8634899356729078,0,47.01046263684945,102.66372519296978
2,1,20.637113675932277,3,1,0.7834651561206466,0.08093438093221358,0.6890155311165975,1,34.191738655027976,83.93045091264953
17,1,26.041712192683377,2,1,0.7184823955877407,0.07336939246944732,0.5040540984431066,0,99.88286336571582,110.16983884831271
11,0,28.20375999764763,4,0,0.7487495246423324,0.06307561324688192,0.5046262612179512,0,16.453946879643944,113.17872418835154
12,2,22.568657352320162,1,0,0.9685101576560311,0.05049215029769549,0.7302830037811279,2,13.920461251517802,97.94288075198345
19,0,22.02997196417818,0,0,0.9058072671807673,0.08725360417849562,0.7441674565021673,0,29.55316604444781,100.06070069306834
7,1,46.71482891182092,0,1,0.774970516491067,0.09611521007887568,0.5112848482867214,3,97.39652127650376,90.38696895728677
6,1,28.924408681410917,4,2,0.7196802294835088,0.05491325556136732,0.8434637083871512,1,98.1314351487986,80.15944140414551
1,1,23.049563398502606,0,2,0.9071845937159909,0.09383815442397359,0.6470016942974766,1,68.94349612949225,14.302235557316411
17,0,29.5883052308745,5,0,0.8717223177903295,0.06249996189896658,0.7799465507679747,1,89.20960004857642,114.06028633859214
11,0,35.370908330611435,0,2,0.8213558573374705,0.058454576820679,0.6504595365827094,1,29.256555775671586,90.72429660035311
18,1,30.51626376711208,3,0,0.8090834347570192,0.050903445965982105,0.5835671574346536,2,97.48378847589612,135.4160700931164
17,0,27.94272409172027,2,2,0.7650442827787325,0.02883589853771079,0.7035868692994376,1,22.85063651256082,156.82724773168852
7,0,23.49983331329547,1,1,0.9008833769612553,0.010334769473625327,0.6161366823952503,2,19.101266936349244,89.39328913490073
17,1,23.37869154532401,1,0,0.9912004083381611,0.03173556041704552,0.767400488459584,1,20.09903853225456,124.89001466559584
9,0,24.021916135146405,1,2,0.7527145737510477,0.05587508544432087,0.5994142651432399,0,61.58151309453082,57.53466036420527
17,2,33.38814600810737,2,1,0.879134986004651,0.04419639570337774,0.7542029883223136,1,80.28769606462471,99.43604752427495
8,2,20.058199075982127,3,2,0.8272555167237928,0.05036367052023705,0.5786892574344338,2,43.00004600871698,108.15146827664718
17,2,33.932692234702216,2,1,0.8340066165233995,0.09825833976076447,0.8354873547428925,1,98.01063890075139,118.20862467829032
7,2,44.1299475562683,3,1,0.7762441840383443,0.04152451336023949,0.876968842220712,2,49.097812430649654,113.58029669037973
1,1,33.257073578131994,3,2,0.9475404626984257,0.05069646454240972,0.5551971171249669,0,23.540369569589465,63.01248332297029
13,1,26.30414471082863,1,2,0.8455766812441723,0.022016399621753762,0.7339012060186696,0,51.9370073367523,84.85196564683292
19,1,17.018731149453696,2,1,0.8630217556594793,0.014316195919328888,0.5354358503274368,2,71.11334488801958,131.47475523128384
19,2,45.781068079115144,2,1,0.7914282738391977,0.07978685631332452,0.7990912227710012,0,84.90032024539408,125.91503126498068
17,2,18.299823494010877,2,1,0.7545425397000849,0.06136148575647808,0.6322021489648226,2,51.28914609609336,120.19675523972859
13,0,38.48562034475748,4,0,0.7257731164608461,0.07846343254395055,0.7638122284193539,1,63.42461434442507,121.53513391761012
16,0,36.38517860594486,1,1,0.9142357422774747,0.02348765189978965,0.7587305046921455,2,34.0610240942968,131.99739437947292
8,2,27.632313970359405,0,0,0.7588702845063566,0.06146458940644219,0.9621771730969002,2,68.13248737649626,81.08061629
19,2,27.37021196219322,1,1,0.9070226062566393,0.032827822690723804,0.7745416112843615,1,98.73747495553093,94.47079897343495
18,2,11.642887259589795,2,0,0.8171129338140861,0.030525563521001796,0.7914992398591578,1,14.414821532901447,134.32718327200703
1,2,33.30065000812621,0,1,0.8247324402968954,0.011037341264768673,0.7008265628821901,1,89.7877603634651,8.966950771196093
14,0,36.19926332395805,1,1,0.8407532488278315,0.02173066512121647,0.9745398015914084,0,60.60542524907705,81.42308982627974
19,2,19.109198838521955,0,1,0.810312552438263,0.03783413003497259,0.8885929547198048,1,32.68887936060699,129.71757117974767
15,0,28.44178525670897,2,2,0.730185993166777,0.020519088453184516,0.6427026451514208,1,95.94007390083321,86.8166982759375
18,2,30.378619150089502,2,2,0.7928895430008537,0.09872725963698438,0.9221047928881161,2,53.5018872753009,163.06458659647075
2,2,35.84572627949568,3,1,0.8991203082081816,0.037776938367155566,0.716198180092545,0,39.852122650604706,56.93407841735974
17,2,30.038030761231873,0,0,0.8997353204406613,0.021729155203209536,0.914333571766797,3,26.334786544375703,134.12735949182374
18,0,13.736806460384159,5,0,0.7858672921719982,0.027917408154516196,0.911444034146751,0,32.00069892309959,137.2269066779408
6,0,24.700622305375106,5,1,0.8380307879673063,0.0628932905507329,0.5944350933814272,1,84.95641374322983,72.72389102687572
19,1,32.24625785389019,1,2,0.7580341684035812,0.015763917147830965,0.8505705656917885,1,65.29690083854493,127.2082625283199
4,2,38.41528342039759,4,0,0.7631116244589506,0.08761907171270412,0.6453214846532656,2,92.19210575394844,87.0585999020642
1,1,23.82363390605753,2,2,0.7069141265219822,0.09653497113134327,0.648746334996334,2,30.877160694200725,88.12826880131242
8,1,51.87649874550019,3,0,0.9690239649723233,0.03220726786006428,0.6481740384402903,3,20.902471646401132,136.69891580265792
7,0,11.055269311630354,2,1,0.7632119995224719,0.05050857417317735,0.862784123779974,1,10.5478777878031,78.9191414445603
3,0,24.36299824942099,3,2,0.7682601630809389,0.011992100592654736,0.6149130208962681,1,55.70758338543944,58.54922061086989
10,1,29.169663965072267,2,0,0.7838804297935396,0.06766392022544994,0.5004529176230451,2,99.84762373437893,80.29146315668503
